use covid_db;
-- Insert Continetes
START TRANSACTION;
INSERT INTO continent VALUES
('A','Africa'),
('AM','America'),
('AN','Antartida'),
('AS','Asia'),
('AO','Australia y Oceania'),
('EU','Europa'),
('NI','No information');

-- Insert Countries


INSERT INTO country(id_country,id_continent,name,population,year_census) VALUES ('ABW','AM','Aruba',106314,2019);
INSERT INTO country(id_country,id_continent,name,population,year_census) VALUES ('AFG','AS','Afganistán',38041754,2019);
INSERT INTO country(id_country,id_continent,name,population,year_census) VALUES ('AGO','A','Angola',31825295,2019);
INSERT INTO country(id_country,id_continent,name,population,year_census) VALUES ('ALB','EU','Albania',2854191,2019);
INSERT INTO country(id_country,id_continent,name,population,year_census) VALUES ('AND','EU','Andorra',77142,2019);
INSERT INTO country(id_country,id_continent,name,population,year_census) VALUES ('ARE','AS','Emiratos Árabes Unidos',9770529,2019);
INSERT INTO country(id_country,id_continent,name,population,year_census) VALUES ('ARG','AM','Argentina',44938712,2019);
INSERT INTO country(id_country,id_continent,name,population,year_census) VALUES ('ARM','AS','Armenia',2957731,2019);
INSERT INTO country(id_country,id_continent,name,population,year_census) VALUES ('ASM','NI','Samoa Americana',55312,2019);
INSERT INTO country(id_country,id_continent,name,population,year_census) VALUES ('ATG','AM','Antigua y Barbuda',97118,2019);
INSERT INTO country(id_country,id_continent,name,population,year_census) VALUES ('AUS','AO','Australia',25364307,2019);
INSERT INTO country(id_country,id_continent,name,population,year_census) VALUES ('AUT','EU','Austria',8877067,2019);
INSERT INTO country(id_country,id_continent,name,population,year_census) VALUES ('AZE','AS','Azerbayán',10023318,2019);
INSERT INTO country(id_country,id_continent,name,population,year_census) VALUES ('BDI','A','Burundi',11530580,2019);
INSERT INTO country(id_country,id_continent,name,population,year_census) VALUES ('BEL','EU','Bélgica',11484055,2019);
INSERT INTO country(id_country,id_continent,name,population,year_census) VALUES ('BEN','A','Benín',11801151,2019);
INSERT INTO country(id_country,id_continent,name,population,year_census) VALUES ('BFA','A','Burkina Faso',20321378,2019);
INSERT INTO country(id_country,id_continent,name,population,year_census) VALUES ('BGD','AS','Bangladesh',163046161,2019);
INSERT INTO country(id_country,id_continent,name,population,year_census) VALUES ('BGR','EU','Bulgaria',6975761,2019);
INSERT INTO country(id_country,id_continent,name,population,year_census) VALUES ('BHR','AS','Bahrein',1641172,2019);
INSERT INTO country(id_country,id_continent,name,population,year_census) VALUES ('BHS','AM','Bahamas',389482,2019);
INSERT INTO country(id_country,id_continent,name,population,year_census) VALUES ('BIH','EU','Bosnia y Herzegovina',3301000,2019);
INSERT INTO country(id_country,id_continent,name,population,year_census) VALUES ('BLR','NI','Belarús',9466856,2019);
INSERT INTO country(id_country,id_continent,name,population,year_census) VALUES ('BLZ','AM','Belice',390353,2019);
INSERT INTO country(id_country,id_continent,name,population,year_census) VALUES ('BMU','AM','Bermudas',63918,2019);
INSERT INTO country(id_country,id_continent,name,population,year_census) VALUES ('BOL','AM','Bolivia',11513100,2019);
INSERT INTO country(id_country,id_continent,name,population,year_census) VALUES ('BRA','AM','Brasil',211049527,2019);
INSERT INTO country(id_country,id_continent,name,population,year_census) VALUES ('BRB','AM','Barbados',287025,2019);
INSERT INTO country(id_country,id_continent,name,population,year_census) VALUES ('BRN','AS','Brunéi',433285,2019);
INSERT INTO country(id_country,id_continent,name,population,year_census) VALUES ('BTN','AS','Bhután',763092,2019);
INSERT INTO country(id_country,id_continent,name,population,year_census) VALUES ('BWA','A','Botsuana',2303697,2019);
INSERT INTO country(id_country,id_continent,name,population,year_census) VALUES ('CAF','A','República Centroafricana',4745185,2019);
INSERT INTO country(id_country,id_continent,name,population,year_census) VALUES ('CAN','AM','Canadá',37589262,2019);
INSERT INTO country(id_country,id_continent,name,population,year_census) VALUES ('CHE','EU','Suiza',8574832,2019);
INSERT INTO country(id_country,id_continent,name,population,year_census) VALUES ('CHL','AM','Chile',18952038,2019);
INSERT INTO country(id_country,id_continent,name,population,year_census) VALUES ('CHN','AS','China',1397715000,2019);
INSERT INTO country(id_country,id_continent,name,population,year_census) VALUES ('CIV','NI','Côte d''Ivoire',25716544,2019);
INSERT INTO country(id_country,id_continent,name,population,year_census) VALUES ('CMR','A','Camerún',25876380,2019);
INSERT INTO country(id_country,id_continent,name,population,year_census) VALUES ('COD','A','Congo, República Democrática del',86790567,2019);
INSERT INTO country(id_country,id_continent,name,population,year_census) VALUES ('COG','A','Congo, República del',5380508,2019);
INSERT INTO country(id_country,id_continent,name,population,year_census) VALUES ('COL','AM','Colombia',50339443,2019);
INSERT INTO country(id_country,id_continent,name,population,year_census) VALUES ('COM','A','Comoras',850886,2019);
INSERT INTO country(id_country,id_continent,name,population,year_census) VALUES ('CPV','A','Cabo Verde',549935,2019);
INSERT INTO country(id_country,id_continent,name,population,year_census) VALUES ('CRI','AM','Costa Rica',5047561,2019);
INSERT INTO country(id_country,id_continent,name,population,year_census) VALUES ('CSS','AM','Estados pequeos del Caribe',7401383,2019);
INSERT INTO country(id_country,id_continent,name,population,year_census) VALUES ('CUB','AM','Cuba',11333483,2019);
INSERT INTO country(id_country,id_continent,name,population,year_census) VALUES ('CUW','AM','Curacao',157538,2019);
INSERT INTO country(id_country,id_continent,name,population,year_census) VALUES ('CYM','AM','Islas Caimán',64948,2019);
INSERT INTO country(id_country,id_continent,name,population,year_census) VALUES ('CYP','AS','Chipre',1198575,2019);
INSERT INTO country(id_country,id_continent,name,population,year_census) VALUES ('CZE','EU','República Checa',10669709,2019);
INSERT INTO country(id_country,id_continent,name,population,year_census) VALUES ('DEU','EU','Alemania',83132799,2019);
INSERT INTO country(id_country,id_continent,name,population,year_census) VALUES ('DJI','NI','Djibouti',973560,2019);
INSERT INTO country(id_country,id_continent,name,population,year_census) VALUES ('DMA','AM','Dominica',71808,2019);
INSERT INTO country(id_country,id_continent,name,population,year_census) VALUES ('DNK','EU','Dinamarca',5818553,2019);
INSERT INTO country(id_country,id_continent,name,population,year_census) VALUES ('DOM','AM','República Dominicana',10738958,2019);
INSERT INTO country(id_country,id_continent,name,population,year_census) VALUES ('DZA','A','Algeria',43053054,2019);
INSERT INTO country(id_country,id_continent,name,population,year_census) VALUES ('EAP','AS','Asia oriental y el Pacífico (excluido altos ingresos)',2093675040,2019);
INSERT INTO country(id_country,id_continent,name,population,year_census) VALUES ('EAS','AS','Asia oriental y el Pacífico',2340628292,2019);
INSERT INTO country(id_country,id_continent,name,population,year_census) VALUES ('ECU','AM','Ecuador',17373662,2019);
INSERT INTO country(id_country,id_continent,name,population,year_census) VALUES ('EGY','A','Egipto',100388073,2019);
INSERT INTO country(id_country,id_continent,name,population,year_census) VALUES ('ERI','A','Eritrea',0,2019);
INSERT INTO country(id_country,id_continent,name,population,year_census) VALUES ('ESP','EU','España',47076781,2019);
INSERT INTO country(id_country,id_continent,name,population,year_census) VALUES ('EST','EU','Estonia',1326590,2019);
INSERT INTO country(id_country,id_continent,name,population,year_census) VALUES ('ETH','A','Etiopía',112078730,2019);
INSERT INTO country(id_country,id_continent,name,population,year_census) VALUES ('FIN','EU','Finlandia',5520314,2019);
INSERT INTO country(id_country,id_continent,name,population,year_census) VALUES ('FJI','AO','Fiyi',889953,2019);
INSERT INTO country(id_country,id_continent,name,population,year_census) VALUES ('FRA','EU','Francia',67059887,2019);
INSERT INTO country(id_country,id_continent,name,population,year_census) VALUES ('FRO','EU','Islas Feroe',48678,2019);
INSERT INTO country(id_country,id_continent,name,population,year_census) VALUES ('GAB','A','Gabón',2172579,2019);
INSERT INTO country(id_country,id_continent,name,population,year_census) VALUES ('GBR','EU','Reino Unido',66834405,2019);
INSERT INTO country(id_country,id_continent,name,population,year_census) VALUES ('GEO','AS','Georgia',3720382,2019);
INSERT INTO country(id_country,id_continent,name,population,year_census) VALUES ('GHA','A','Ghana',30417856,2019);
INSERT INTO country(id_country,id_continent,name,population,year_census) VALUES ('GIB','EU','Gibraltar',33701,2019);
INSERT INTO country(id_country,id_continent,name,population,year_census) VALUES ('GIN','A','Guinea',12771246,2019);
INSERT INTO country(id_country,id_continent,name,population,year_census) VALUES ('GMB','A','Gambia',2347706,2019);
INSERT INTO country(id_country,id_continent,name,population,year_census) VALUES ('GNB','A','Guinea-Bissau',1920922,2019);
INSERT INTO country(id_country,id_continent,name,population,year_census) VALUES ('GNQ','A','Guinea Ecuatorial',1355986,2019);
INSERT INTO country(id_country,id_continent,name,population,year_census) VALUES ('GRC','EU','Grecia',10716322,2019);
INSERT INTO country(id_country,id_continent,name,population,year_census) VALUES ('GRD','AM','Granada',112003,2019);
INSERT INTO country(id_country,id_continent,name,population,year_census) VALUES ('GRL','AM','Groenlandia',56225,2019);
INSERT INTO country(id_country,id_continent,name,population,year_census) VALUES ('GTM','AM','Guatemala',16604026,2019);
INSERT INTO country(id_country,id_continent,name,population,year_census) VALUES ('GUM','AO','Guam',167294,2019);
INSERT INTO country(id_country,id_continent,name,population,year_census) VALUES ('GUY','AM','Guayana Francesa',782766,2019);
INSERT INTO country(id_country,id_continent,name,population,year_census) VALUES ('HKG','AS','Hong kong',7507400,2019);
INSERT INTO country(id_country,id_continent,name,population,year_census) VALUES ('HND','AM','Honduras',9746117,2019);
INSERT INTO country(id_country,id_continent,name,population,year_census) VALUES ('HRV','EU','Croacia',4067500,2019);
INSERT INTO country(id_country,id_continent,name,population,year_census) VALUES ('HTI','AM','Haití',11263077,2019);
INSERT INTO country(id_country,id_continent,name,population,year_census) VALUES ('HUN','EU','Hungría',9769949,2019);
INSERT INTO country(id_country,id_continent,name,population,year_census) VALUES ('IBT','NI','BIRF y la AIF',6486934853,2019);
INSERT INTO country(id_country,id_continent,name,population,year_census) VALUES ('IDN','AS','Indonesia',270625568,2019);
INSERT INTO country(id_country,id_continent,name,population,year_census) VALUES ('IMN','EU','Isla de Man',84584,2019);
INSERT INTO country(id_country,id_continent,name,population,year_census) VALUES ('IND','AS','India',1366417754,2019);
INSERT INTO country(id_country,id_continent,name,population,year_census) VALUES ('IRL','EU','Irlanda',4941444,2019);
INSERT INTO country(id_country,id_continent,name,population,year_census) VALUES ('IRN','AS','Irán',82913906,2019);
INSERT INTO country(id_country,id_continent,name,population,year_census) VALUES ('IRQ','AS','Irak',39309783,2019);
INSERT INTO country(id_country,id_continent,name,population,year_census) VALUES ('ISL','EU','Islandia',361313,2019);
INSERT INTO country(id_country,id_continent,name,population,year_census) VALUES ('ISR','AS','Israel',9053300,2019);
INSERT INTO country(id_country,id_continent,name,population,year_census) VALUES ('ITA','EU','Italia',60297396,2019);
INSERT INTO country(id_country,id_continent,name,population,year_census) VALUES ('JAM','AM','Jamaica',2948279,2019);
INSERT INTO country(id_country,id_continent,name,population,year_census) VALUES ('JOR','AS','Jordania',10101694,2019);
INSERT INTO country(id_country,id_continent,name,population,year_census) VALUES ('JPN','AS','Japón',126264931,2019);
INSERT INTO country(id_country,id_continent,name,population,year_census) VALUES ('KAZ','AS','Kazajistán',18513930,2019);
INSERT INTO country(id_country,id_continent,name,population,year_census) VALUES ('KEN','A','Kenia',52573973,2019);
INSERT INTO country(id_country,id_continent,name,population,year_census) VALUES ('KGZ','AS','Kirgizstán',6456900,2019);
INSERT INTO country(id_country,id_continent,name,population,year_census) VALUES ('KHM','AS','Camboya',16486542,2019);
INSERT INTO country(id_country,id_continent,name,population,year_census) VALUES ('KIR','AO','Kiribati',117606,2019);
INSERT INTO country(id_country,id_continent,name,population,year_census) VALUES ('KNA','NI','Saint Kitts y Nevis',52834,2019);
INSERT INTO country(id_country,id_continent,name,population,year_census) VALUES ('KOR','AS','Corea, República de',51709098,2019);
INSERT INTO country(id_country,id_continent,name,population,year_census) VALUES ('KWT','AS','Kuwait',4207083,2019);
INSERT INTO country(id_country,id_continent,name,population,year_census) VALUES ('LAC','AM','América Latina y el Caribe (excluido altos ingresos)',613773119,2019);
INSERT INTO country(id_country,id_continent,name,population,year_census) VALUES ('LAO','NI','República Democrática Popular Lao',7169455,2019);
INSERT INTO country(id_country,id_continent,name,population,year_census) VALUES ('LBN','AS','Líbano',6855713,2019);
INSERT INTO country(id_country,id_continent,name,population,year_census) VALUES ('LBR','A','Liberia',4937374,2019);
INSERT INTO country(id_country,id_continent,name,population,year_census) VALUES ('LBY','A','Libia',6777452,2019);
INSERT INTO country(id_country,id_continent,name,population,year_census) VALUES ('LCA','NI','Santa Lucía',182790,2019);
INSERT INTO country(id_country,id_continent,name,population,year_census) VALUES ('LCN','AM','América Latina y el Caribe',646430843,2019);
INSERT INTO country(id_country,id_continent,name,population,year_census) VALUES ('LIE','EU','Liechtenstein',38019,2019);
INSERT INTO country(id_country,id_continent,name,population,year_census) VALUES ('LKA','AS','Sri lanka',21803000,2019);
INSERT INTO country(id_country,id_continent,name,population,year_census) VALUES ('LSO','A','Lesoto',2125268,2019);
INSERT INTO country(id_country,id_continent,name,population,year_census) VALUES ('LTU','EU','Lituania',2786844,2019);
INSERT INTO country(id_country,id_continent,name,population,year_census) VALUES ('LUX','EU','Luxemburgo',619896,2019);
INSERT INTO country(id_country,id_continent,name,population,year_census) VALUES ('LVA','EU','Letonia',1912789,2019);
INSERT INTO country(id_country,id_continent,name,population,year_census) VALUES ('MAR','A','Marruecos',36471769,2019);
INSERT INTO country(id_country,id_continent,name,population,year_census) VALUES ('MCO','EU','Mónaco',38964,2019);
INSERT INTO country(id_country,id_continent,name,population,year_census) VALUES ('MDA','NI','República de Moldova',2657637,2019);
INSERT INTO country(id_country,id_continent,name,population,year_census) VALUES ('MDG','A','Madagascar',26969307,2019);
INSERT INTO country(id_country,id_continent,name,population,year_census) VALUES ('MDV','NI','Maldivas',530953,2019);
INSERT INTO country(id_country,id_continent,name,population,year_census) VALUES ('MEX','AM','México',127575529,2019);
INSERT INTO country(id_country,id_continent,name,population,year_census) VALUES ('MHL','AO','Islas Marshall',58791,2019);
INSERT INTO country(id_country,id_continent,name,population,year_census) VALUES ('MKD','EU','Macedônia',2083459,2019);
INSERT INTO country(id_country,id_continent,name,population,year_census) VALUES ('MLI','A','Mali',19658031,2019);
INSERT INTO country(id_country,id_continent,name,population,year_census) VALUES ('MLT','EU','Malta',502653,2019);
INSERT INTO country(id_country,id_continent,name,population,year_census) VALUES ('MMR','NI','Myanmar',54045420,2019);
INSERT INTO country(id_country,id_continent,name,population,year_census) VALUES ('MNE','EU','Montenegro',622137,2019);
INSERT INTO country(id_country,id_continent,name,population,year_census) VALUES ('MNG','AS','Mongolia',3225167,2019);
INSERT INTO country(id_country,id_continent,name,population,year_census) VALUES ('MOZ','A','Mozambique',30366036,2019);
INSERT INTO country(id_country,id_continent,name,population,year_census) VALUES ('MRT','A','Mauritania',4525696,2019);
INSERT INTO country(id_country,id_continent,name,population,year_census) VALUES ('MUS','A','Mauricio',1265711,2019);
INSERT INTO country(id_country,id_continent,name,population,year_census) VALUES ('MWI','A','Malawi',18628747,2019);
INSERT INTO country(id_country,id_continent,name,population,year_census) VALUES ('MYS','AS','Malasia',31949777,2019);
INSERT INTO country(id_country,id_continent,name,population,year_census) VALUES ('NAM','A','Namibia',2494530,2019);
INSERT INTO country(id_country,id_continent,name,population,year_census) VALUES ('NCL','AO','Nueva Caledonia',287800,2019);
INSERT INTO country(id_country,id_continent,name,population,year_census) VALUES ('NER','A','Niger',23310715,2019);
INSERT INTO country(id_country,id_continent,name,population,year_census) VALUES ('NGA','A','Nigeria',200963599,2019);
INSERT INTO country(id_country,id_continent,name,population,year_census) VALUES ('NIC','AM','Nicaragua',6545502,2019);
INSERT INTO country(id_country,id_continent,name,population,year_census) VALUES ('NLD','EU','Países Bajos',17332850,2019);
INSERT INTO country(id_country,id_continent,name,population,year_census) VALUES ('NOR','EU','Noruega',5347896,2019);
INSERT INTO country(id_country,id_continent,name,population,year_census) VALUES ('NPL','AS','Nepal',28608710,2019);
INSERT INTO country(id_country,id_continent,name,population,year_census) VALUES ('NRU','AO','Nauru',12581,2019);
INSERT INTO country(id_country,id_continent,name,population,year_census) VALUES ('NZL','AO','Nueva Zelanda',4917000,2019);
INSERT INTO country(id_country,id_continent,name,population,year_census) VALUES ('OMN','AS','Omán',4974986,2019);
INSERT INTO country(id_country,id_continent,name,population,year_census) VALUES ('PAK','AS','Pakistán',216565318,2019);
INSERT INTO country(id_country,id_continent,name,population,year_census) VALUES ('PAN','AM','Panamá',4246439,2019);
INSERT INTO country(id_country,id_continent,name,population,year_census) VALUES ('PER','AM','Perú',32510453,2019);
INSERT INTO country(id_country,id_continent,name,population,year_census) VALUES ('PHL','AS','Filipinas',108116615,2019);
INSERT INTO country(id_country,id_continent,name,population,year_census) VALUES ('PLW','AO','Palau',18008,2019);
INSERT INTO country(id_country,id_continent,name,population,year_census) VALUES ('PNG','AO','Papúa Nueva Guinea',8776109,2019);
INSERT INTO country(id_country,id_continent,name,population,year_census) VALUES ('POL','EU','Polonia',37970874,2019);
INSERT INTO country(id_country,id_continent,name,population,year_census) VALUES ('PRI','AM','Puerto Rico',3193694,2019);
INSERT INTO country(id_country,id_continent,name,population,year_census) VALUES ('PRK','AS','Corea, República Popular Democrática de',25666161,2019);
INSERT INTO country(id_country,id_continent,name,population,year_census) VALUES ('PRT','EU','Portugal',10269417,2019);
INSERT INTO country(id_country,id_continent,name,population,year_census) VALUES ('PRY','AM','Paraguay',7044636,2019);
INSERT INTO country(id_country,id_continent,name,population,year_census) VALUES ('PSE','AS','Ribera Occidental y Gaza',4685306,2019);
INSERT INTO country(id_country,id_continent,name,population,year_census) VALUES ('PSS','AM','Estados pequeos de las Islas del Pacfico',2493696,2019);
INSERT INTO country(id_country,id_continent,name,population,year_census) VALUES ('PYF','AO','Polinesia Francesa',279287,2019);
INSERT INTO country(id_country,id_continent,name,population,year_census) VALUES ('QAT','AS','Qatar',2832067,2019);
INSERT INTO country(id_country,id_continent,name,population,year_census) VALUES ('ROU','EU','Rumanía',19356544,2019);
INSERT INTO country(id_country,id_continent,name,population,year_census) VALUES ('RUS','EU','Federación de Rusia',144373535,2019);
INSERT INTO country(id_country,id_continent,name,population,year_census) VALUES ('RWA','A','Ruanda',12626950,2019);
INSERT INTO country(id_country,id_continent,name,population,year_census) VALUES ('SAS','AS','Asia meridional',1835776742,2019);
INSERT INTO country(id_country,id_continent,name,population,year_census) VALUES ('SAU','AS','Arabia Saudita',34268528,2019);
INSERT INTO country(id_country,id_continent,name,population,year_census) VALUES ('SDN','A','Sudán',42813238,2019);
INSERT INTO country(id_country,id_continent,name,population,year_census) VALUES ('SEN','A','Senegal',16296364,2019);
INSERT INTO country(id_country,id_continent,name,population,year_census) VALUES ('SGP','AS','Singapur',5703569,2019);
INSERT INTO country(id_country,id_continent,name,population,year_census) VALUES ('SLB','AO','Islas Salomón',669823,2019);
INSERT INTO country(id_country,id_continent,name,population,year_census) VALUES ('SLE','A','Sierra Leona',7813215,2019);
INSERT INTO country(id_country,id_continent,name,population,year_census) VALUES ('SLV','AM','El Salvador',6453553,2019);
INSERT INTO country(id_country,id_continent,name,population,year_census) VALUES ('SMR','NI','San Marino',33860,2019);
INSERT INTO country(id_country,id_continent,name,population,year_census) VALUES ('SOM','A','Somalia',15442905,2019);
INSERT INTO country(id_country,id_continent,name,population,year_census) VALUES ('SRB','EU','Serbia',6944975,2019);
INSERT INTO country(id_country,id_continent,name,population,year_census) VALUES ('SSA','A','África al sur del Sahara (excluido altos ingresos)',1105594562,2019);
INSERT INTO country(id_country,id_continent,name,population,year_census) VALUES ('SSD','A','Sudán del Sur',11062113,2019);
INSERT INTO country(id_country,id_continent,name,population,year_census) VALUES ('SSF','A','África al sur del Sahara',1106957898,2019);
INSERT INTO country(id_country,id_continent,name,population,year_census) VALUES ('STP','NI','Santo Tomé y Príncipe',215056,2019);
INSERT INTO country(id_country,id_continent,name,population,year_census) VALUES ('SUR','AM','Surinám',581363,2019);
INSERT INTO country(id_country,id_continent,name,population,year_census) VALUES ('SVK','EU','República Eslovaca',5454073,2019);
INSERT INTO country(id_country,id_continent,name,population,year_census) VALUES ('SVN','EU','Eslovenia',2087946,2019);
INSERT INTO country(id_country,id_continent,name,population,year_census) VALUES ('SWE','EU','Suecia',10285453,2019);
INSERT INTO country(id_country,id_continent,name,population,year_census) VALUES ('SWZ','NI','Eswatini',1148130,2019);
INSERT INTO country(id_country,id_continent,name,population,year_census) VALUES ('SXM','NI','Sint Maarten (Dutch part)',40733,2019);
INSERT INTO country(id_country,id_continent,name,population,year_census) VALUES ('SYC','A','Seychelles',97625,2019);
INSERT INTO country(id_country,id_continent,name,population,year_census) VALUES ('SYR','AS','República Árabe Siria',17070135,2019);
INSERT INTO country(id_country,id_continent,name,population,year_census) VALUES ('TCA','AM','Islas Turcas y Caicos',38191,2019);
INSERT INTO country(id_country,id_continent,name,population,year_census) VALUES ('TCD','A','Chad',15946876,2019);
INSERT INTO country(id_country,id_continent,name,population,year_census) VALUES ('TEA','AS','Asia oriental y el Pacífico (BIRF y la AIF)',2067984156,2019);
INSERT INTO country(id_country,id_continent,name,population,year_census) VALUES ('TGO','A','Togo',8082366,2019);
INSERT INTO country(id_country,id_continent,name,population,year_census) VALUES ('THA','AS','Tailandia',69625582,2019);
INSERT INTO country(id_country,id_continent,name,population,year_census) VALUES ('TJK','NI','Tayikistán',9321018,2019);
INSERT INTO country(id_country,id_continent,name,population,year_census) VALUES ('TKM','AS','Turkmenistán',5942089,2019);
INSERT INTO country(id_country,id_continent,name,population,year_census) VALUES ('TLA','AM','América Latina y el Caribe (BIRF y la AIF)',630644772,2019);
INSERT INTO country(id_country,id_continent,name,population,year_census) VALUES ('TLS','AS','Timor Leste',1293119,2019);
INSERT INTO country(id_country,id_continent,name,population,year_census) VALUES ('TON','AO','Tonga',104494,2019);
INSERT INTO country(id_country,id_continent,name,population,year_census) VALUES ('TSA','AS','Asia meridional (BIRF y la AIF)',1835776742,2019);
INSERT INTO country(id_country,id_continent,name,population,year_census) VALUES ('TSS','A','África al sur del Sahara (BIRF y la AIF)',1106957898,2019);
INSERT INTO country(id_country,id_continent,name,population,year_census) VALUES ('TTO','AM','Trinidad y Tobago',1394973,2019);
INSERT INTO country(id_country,id_continent,name,population,year_census) VALUES ('TUN','A','Tunez',11694719,2019);
INSERT INTO country(id_country,id_continent,name,population,year_census) VALUES ('TUR','AS','Turquía',83429615,2019);
INSERT INTO country(id_country,id_continent,name,population,year_census) VALUES ('TUV','AO','Tuvalu',11646,2019);
INSERT INTO country(id_country,id_continent,name,population,year_census) VALUES ('TZA','A','Tanzania',58005463,2019);
INSERT INTO country(id_country,id_continent,name,population,year_census) VALUES ('UGA','A','Uganda',44269594,2019);
INSERT INTO country(id_country,id_continent,name,population,year_census) VALUES ('UKR','EU','Ucrania',44385155,2019);
INSERT INTO country(id_country,id_continent,name,population,year_census) VALUES ('URY','AM','Uruguay',3461734,2019);
INSERT INTO country(id_country,id_continent,name,population,year_census) VALUES ('USA','AM','Estados Unidos de América',328239523,2019);
INSERT INTO country(id_country,id_continent,name,population,year_census) VALUES ('UZB','AS','Uzbekistán',33580650,2019);
INSERT INTO country(id_country,id_continent,name,population,year_census) VALUES ('VCT','NI','San Vicente y las Granadinas',110589,2019);
INSERT INTO country(id_country,id_continent,name,population,year_census) VALUES ('VEN','AM','Venezuela',28515829,2019);
INSERT INTO country(id_country,id_continent,name,population,year_census) VALUES ('VGB','AM','Islas Vírgenes de los Estados Unidos',30030,2019);
INSERT INTO country(id_country,id_continent,name,population,year_census) VALUES ('VIR','AM','Islas Vírgenes Británicas',106631,2019);
INSERT INTO country(id_country,id_continent,name,population,year_census) VALUES ('VNM','AS','Vietnam',96462106,2019);
INSERT INTO country(id_country,id_continent,name,population,year_census) VALUES ('VUT','AO','Vanuatu',299882,2019);
INSERT INTO country(id_country,id_continent,name,population,year_census) VALUES ('WLD','NI','Mundo',7673533974,2019);
INSERT INTO country(id_country,id_continent,name,population,year_census) VALUES ('WSM','NI','Samoa',197097,2019);
INSERT INTO country(id_country,id_continent,name,population,year_census) VALUES ('XKX','NI','Kosovo',1794248,2019);
INSERT INTO country(id_country,id_continent,name,population,year_census) VALUES ('YEM','AS','Yemen',29161922,2019);
INSERT INTO country(id_country,id_continent,name,population,year_census) VALUES ('ZAF','A','Sudáfrica',58558270,2019);
INSERT INTO country(id_country,id_continent,name,population,year_census) VALUES ('ZMB','A','Zambia',17861030,2019);
INSERT INTO country(id_country,id_continent,name,population,year_census) VALUES ('ZWE','A','Zimbabue',14645468,2019);

-- Insert departamentos
INSERT INTO departament(id_departament,id_country,name,population,year_census) VALUES ('BOL1291','BOL','Cochabamba','2.026.460',2019);
INSERT INTO departament(id_departament,id_country,name,population,year_census) VALUES ('BOL1292','BOL','Chuquisaca','640.264',2019);
INSERT INTO departament(id_departament,id_country,name,population,year_census) VALUES ('BOL1293','BOL','Beni','489.056',2019);
INSERT INTO departament(id_departament,id_country,name,population,year_census) VALUES ('BOL1936','BOL','La Paz','2.967.180',2019);
INSERT INTO departament(id_departament,id_country,name,population,year_census) VALUES ('BOL1937','BOL','Oruro','539.089',2019);
INSERT INTO departament(id_departament,id_country,name,population,year_census) VALUES ('BOL1938','BOL','Pando','148.612',2019);
INSERT INTO departament(id_departament,id_country,name,population,year_census) VALUES ('BOL1939','BOL','Potosi','891.761',2019);
INSERT INTO departament(id_departament,id_country,name,population,year_census) VALUES ('BOL1940','BOL','Santa Cruz','3.237.223',2019);
INSERT INTO departament(id_departament,id_country,name,population,year_census) VALUES ('BOL1941','BOL','Tarija','572.823',2019);
--