use covid_db;
-- Insert Continetes
START TRANSACTION;
INSERT INTO continent VALUES
('A','Africa'),
('AM','America'),
('AN','Antartida'),
('AS','Asia'),
('AO','Australia y Oceania'),
('EU','Europa'),
('NI','No information');
COMMIT;
-- Insert country
INSERT INTO country(name,lat,lng,id_country,id_Continent,population,year_census) VALUES ('Aruba',12.5304,-70.029,'ABW','AM','106314',2019);
INSERT INTO country(name,lat,lng,id_country,id_Continent,population,year_census) VALUES ('Afghanistan',32.85,68.4167,'AFG','AS','38041754',2019);
INSERT INTO country(name,lat,lng,id_country,id_Continent,population,year_census) VALUES ('Angola',-18.0195,21.43,'AGO','A','31825295',2019);
INSERT INTO country(name,lat,lng,id_country,id_Continent,population,year_census) VALUES ('Albania',42.0333,19.8833,'ALB','EU','2854191',2019);
INSERT INTO country(name,lat,lng,id_country,id_Continent,population,year_census) VALUES ('Andorra',42.567,1.5981,'AND','EU','77142',2019);
INSERT INTO country(name,lat,lng,id_country,id_Continent,population,year_census) VALUES ('United Arab Emirates',25.4056,55.4618,'ARE','AS','9770529',2019);
INSERT INTO country(name,lat,lng,id_country,id_Continent,population,year_census) VALUES ('Argentina',-49.9745,-68.9035,'ARG','AM','44938712',2019);
INSERT INTO country(name,lat,lng,id_country,id_Continent,population,year_census) VALUES ('Armenia',40.8756,45.1492,'ARM','AS','2957731',2019);
INSERT INTO country(name,lat,lng,id_country,id_Continent,population,year_census) VALUES ('American Samoa',-14.274,-170.7046,'ASM','NI','55312',2019);
INSERT INTO country(name,lat,lng,id_country,id_Continent,population,year_census) VALUES ('Antigua And Barbuda',17.118,-61.85,'ATG','AM','97118',2019);
INSERT INTO country(name,lat,lng,id_country,id_Continent,population,year_census) VALUES ('Australia',-30.8996,135.3,'AUS','AO','25364307',2019);
INSERT INTO country(name,lat,lng,id_country,id_Continent,population,year_census) VALUES ('Austria',47.816,16.25,'AUT','EU','8877067',2019);
INSERT INTO country(name,lat,lng,id_country,id_Continent,population,year_census) VALUES ('Azerbaijan',40.9053,45.5564,'AZE','AS','10023318',2019);
INSERT INTO country(name,lat,lng,id_country,id_Continent,population,year_census) VALUES ('Burundi',-3.426,29.8436,'BDI','A','11530580',2019);
INSERT INTO country(name,lat,lng,id_country,id_Continent,population,year_census) VALUES ('Belgium',49.6833,5.8167,'BEL','EU','11484055',2019);
INSERT INTO country(name,lat,lng,id_country,id_Continent,population,year_census) VALUES ('Benin',7.9281,1.9756,'BEN','A','11801151',2019);
INSERT INTO country(name,lat,lng,id_country,id_Continent,population,year_census) VALUES ('Burkina Faso',13.4364,0.5304,'BFA','A','20321378',2019);
INSERT INTO country(name,lat,lng,id_country,id_Continent,population,year_census) VALUES ('Bangladesh',24.0004,89.25,'BGD','AS','163046161',2019);
INSERT INTO country(name,lat,lng,id_country,id_Continent,population,year_census) VALUES ('Bulgaria',44.1167,27.2667,'BGR','EU','6975761',2019);
INSERT INTO country(name,lat,lng,id_country,id_Continent,population,year_census) VALUES ('Bahrain',26.2361,50.5831,'BHR','AS','1641172',2019);
INSERT INTO country(name,lat,lng,id_country,id_Continent,population,year_census) VALUES ('Bahamas',26.5333,-78.7,'BHS','AM','389482',2019);
INSERT INTO country(name,lat,lng,id_country,id_Continent,population,year_census) VALUES ('Bosnia And Herzegovina',44.87,18.8101,'BIH','EU','3301000',2019);
INSERT INTO country(name,lat,lng,id_country,id_Continent,population,year_census) VALUES ('Belarus',55.4894,28.786,'BLR','NI','9466856',2019);
INSERT INTO country(name,lat,lng,id_country,id_Continent,population,year_census) VALUES ('Belize',16.1003,-88.81,'BLZ','AM','390353',2019);
INSERT INTO country(name,lat,lng,id_country,id_Continent,population,year_census) VALUES ('Bermuda',32.2942,-64.7839,'BMU','AM','63918',2019);
INSERT INTO country(name,lat,lng,id_country,id_Continent,population,year_census) VALUES ('Bolivia',-12.4996,-68.6666,'BOL','AM','11513100',2019);
INSERT INTO country(name,lat,lng,id_country,id_Continent,population,year_census) VALUES ('Brazil',-9.6954,-65.3597,'BRA','AM','211049527',2019);
INSERT INTO country(name,lat,lng,id_country,id_Continent,population,year_census) VALUES ('Barbados',13.102,-59.6165,'BRB','AM','287025',2019);
INSERT INTO country(name,lat,lng,id_country,id_Continent,population,year_census) VALUES ('Brunei',4.7086,115.0717,'BRN','AS','433285',2019);
INSERT INTO country(name,lat,lng,id_country,id_Continent,population,year_census) VALUES ('Bhutan',27.9067,89.7304,'BTN','AS','763092',2019);
INSERT INTO country(name,lat,lng,id_country,id_Continent,population,year_census) VALUES ('Botswana',-18.2996,21.8,'BWA','A','2303697',2019);
INSERT INTO country(name,lat,lng,id_country,id_Continent,population,year_census) VALUES ('Central African Republic',5.617,23.3167,'CAF','A','4745185',2019);
INSERT INTO country(name,lat,lng,id_country,id_Continent,population,year_census) VALUES ('Canada',61.1333,-100.8833,'CAN','AM','37589262',2019);
INSERT INTO country(name,lat,lng,id_country,id_Continent,population,year_census) VALUES ('Switzerland',47.37,7.345,'CHE','EU','8574832',2019);
INSERT INTO country(name,lat,lng,id_country,id_Continent,population,year_census) VALUES ('Chile',-20.9829,-69.6833,'CHL','AM','18952038',2019);
INSERT INTO country(name,lat,lng,id_country,id_Continent,population,year_census) VALUES ('China',29.5333,94.4167,'CHN','AS','1397715000',2019);
INSERT INTO country(name,lat,lng,id_country,id_Continent,population,year_census) VALUES ('Côte D’Ivoire',8.28,-7.684,'CIV','NI','25716544',2019);
INSERT INTO country(name,lat,lng,id_country,id_Continent,population,year_census) VALUES ('Cameroon',7.8504,13.6,'CMR','A','25876380',2019);
INSERT INTO country(name,lat,lng,id_country,id_Continent,population,year_census) VALUES ('Congo (Kinshasa)',1.0838,27.2666,'COD','A','86790567',2019);
INSERT INTO country(name,lat,lng,id_country,id_Continent,population,year_census) VALUES ('Congo (Brazzaville)',1.6404,14.58,'COG','A','5380508',2019);
INSERT INTO country(name,lat,lng,id_country,id_Continent,population,year_census) VALUES ('Cook Islands',-21.25,-159.75,'COK','A','86790567',2019);
INSERT INTO country(name,lat,lng,id_country,id_Continent,population,year_census) VALUES ('Colombia',2.0704,-74.64,'COL','AM','50339443',2019);
INSERT INTO country(name,lat,lng,id_country,id_Continent,population,year_census) VALUES ('Comoros',-12.1658,44.3983,'COM','A','850886',2019);
INSERT INTO country(name,lat,lng,id_country,id_Continent,population,year_census) VALUES ('Cabo Verde',14.9,-24.5167,'CPV','A','549935',2019);
INSERT INTO country(name,lat,lng,id_country,id_Continent,population,year_census) VALUES ('Costa Rica',9.5204,-82.62,'CRI','AM','5047561',2019);
INSERT INTO country(name,lat,lng,id_country,id_Continent,population,year_census) VALUES ('Cuba',22.5158,-79.4722,'CUB','AM','11333483',2019);
INSERT INTO country(name,lat,lng,id_country,id_Continent,population,year_census) VALUES ('Curaçao',12.2004,-69.02,'CWU','AM','11333483',2019);
INSERT INTO country(name,lat,lng,id_country,id_Continent,population,year_census) VALUES ('Cayman Islands',19.2804,-81.33,'CYM','AM','64948',2019);
INSERT INTO country(name,lat,lng,id_country,id_Continent,population,year_census) VALUES ('Cyprus',35.3363,33.3173,'CYP','AS','1198575',2019);
INSERT INTO country(name,lat,lng,id_country,id_Continent,population,year_census) VALUES ('Czechia',50.237,12.875,'CZE','EU','10669709',2019);
INSERT INTO country(name,lat,lng,id_country,id_Continent,population,year_census) VALUES ('Germany',48.567,13.4666,'DEU','EU','83132799',2019);
INSERT INTO country(name,lat,lng,id_country,id_Continent,population,year_census) VALUES ('Djibouti',11.5264,42.8519,'DJI','NI','973560',2019);
INSERT INTO country(name,lat,lng,id_country,id_Continent,population,year_census) VALUES ('Dominica',15.301,-61.387,'DMA','AM','71808',2019);
INSERT INTO country(name,lat,lng,id_country,id_Continent,population,year_census) VALUES ('Denmark',57.4337,10.5333,'DNK','EU','5818553',2019);
INSERT INTO country(name,lat,lng,id_country,id_Continent,population,year_census) VALUES ('Dominican Republic',18.717,-68.45,'DOM','AM','10738958',2019);
INSERT INTO country(name,lat,lng,id_country,id_Continent,population,year_census) VALUES ('Algeria',28.0503,9.55,'DZA','A','43053054',2019);
INSERT INTO country(name,lat,lng,id_country,id_Continent,population,year_census) VALUES ('Ecuador',-2.8543,-77.9363,'ECU','AM','17373662',2019);
INSERT INTO country(name,lat,lng,id_country,id_Continent,population,year_census) VALUES ('Egypt',23.946,35.4842,'EGY','A','100388073',2019);
INSERT INTO country(name,lat,lng,id_country,id_Continent,population,year_census) VALUES ('Eritrea',15.1104,36.6575,'ERI','A','0',2019);
INSERT INTO country(name,lat,lng,id_country,id_Continent,population,year_census) VALUES ('Spain',38.0833,-3.6334,'ESP','EU','47076781',2019);
INSERT INTO country(name,lat,lng,id_country,id_Continent,population,year_census) VALUES ('Estonia',59.4,27.2833,'EST','EU','1326590',2019);
INSERT INTO country(name,lat,lng,id_country,id_Continent,population,year_census) VALUES ('Ethiopia',8.149,35.537,'ETH','A','112078730',2019);
INSERT INTO country(name,lat,lng,id_country,id_Continent,population,year_census) VALUES ('Finland',66.6667,27.4167,'FIN','EU','5520314',2019);
INSERT INTO country(name,lat,lng,id_country,id_Continent,population,year_census) VALUES ('Fiji',-16.4166,179.3833,'FJI','AO','889953',2019);
INSERT INTO country(name,lat,lng,id_country,id_Continent,population,year_census) VALUES ('Falkland Islands (Islas Malvinas)',-51.7,-57.85,'FLK','A','112078730',2019);
INSERT INTO country(name,lat,lng,id_country,id_Continent,population,year_census) VALUES ('France',47.8004,3.5666,'FRA','EU','67059887',2019);
INSERT INTO country(name,lat,lng,id_country,id_Continent,population,year_census) VALUES ('Faroe Islands',62.03,-6.82,'FRO','EU','48678',2019);
INSERT INTO country(name,lat,lng,id_country,id_Continent,population,year_census) VALUES ('Micronesia',5.3261,163.0083,'FSM','AM','127575529',2019);
INSERT INTO country(name,lat,lng,id_country,id_Continent,population,year_census) VALUES ('Gabon',-0.3329,10.3832,'GAB','A','2172579',2019);
INSERT INTO country(name,lat,lng,id_country,id_Continent,population,year_census) VALUES ('UK',58.4333,-3.0834,'GBR','EU','66834405',2019);
INSERT INTO country(name,lat,lng,id_country,id_Continent,population,year_census) VALUES ('Georgia',42.2325,43.975,'GEO','AS','3720382',2019);
INSERT INTO country(name,lat,lng,id_country,id_Continent,population,year_census) VALUES ('Ghana',9.4337,-0.0167,'GHA','A','30417856',2019);
INSERT INTO country(name,lat,lng,id_country,id_Continent,population,year_census) VALUES ('Gibraltar',36.1324,-5.3781,'GIB','EU','33701',2019);
INSERT INTO country(name,lat,lng,id_country,id_Continent,population,year_census) VALUES ('Guinea',10.185,-14.043,'GIN','A','12771246',2019);
INSERT INTO country(name,lat,lng,id_country,id_Continent,population,year_census) VALUES ('Guadeloupe',16.2304,-61.44,'GLP','AM','112003',2019);
INSERT INTO country(name,lat,lng,id_country,id_Continent,population,year_census) VALUES ('Gambia',13.4336,-14.65,'GMB','A','2347706',2019);
INSERT INTO country(name,lat,lng,id_country,id_Continent,population,year_census) VALUES ('Guinea-Bissau',11.773,-15.195,'GNB','A','1920922',2019);
INSERT INTO country(name,lat,lng,id_country,id_Continent,population,year_census) VALUES ('Equatorial Guinea',1.1164,9.4186,'GNQ','A','1355986',2019);
INSERT INTO country(name,lat,lng,id_country,id_Continent,population,year_census) VALUES ('Greece',40.381,23.453,'GRC','EU','10716322',2019);
INSERT INTO country(name,lat,lng,id_country,id_Continent,population,year_census) VALUES ('Grenada',12.0526,-61.7416,'GRD','AM','112003',2019);
INSERT INTO country(name,lat,lng,id_country,id_Continent,population,year_census) VALUES ('Greenland',62.5333,-42.2167,'GRL','AM','56225',2019);
INSERT INTO country(name,lat,lng,id_country,id_Continent,population,year_census) VALUES ('Guatemala',16.7804,-90.12,'GTM','AM','16604026',2019);
INSERT INTO country(name,lat,lng,id_country,id_Continent,population,year_census) VALUES ('French Guiana',5.4804,-53.22,'GUF','EU','67059887',2019);
INSERT INTO country(name,lat,lng,id_country,id_Continent,population,year_census) VALUES ('Guam',13.4692,144.7332,'GUM','AO','167294',2019);
INSERT INTO country(name,lat,lng,id_country,id_Continent,population,year_census) VALUES ('Guyana',5.43,-58.25,'GUY','AM','782766',2019);
INSERT INTO country(name,lat,lng,id_country,id_Continent,population,year_census) VALUES ('Hong Kong',22.305,114.185,'HKG','AS','7507400',2019);
INSERT INTO country(name,lat,lng,id_country,id_Continent,population,year_census) VALUES ('Honduras',15.7504,-84.48,'HND','AM','9746117',2019);
INSERT INTO country(name,lat,lng,id_country,id_Continent,population,year_census) VALUES ('Croatia',44.8687,13.8481,'HRV','EU','4067500',2019);
INSERT INTO country(name,lat,lng,id_country,id_Continent,population,year_census) VALUES ('Haiti',18.4411,-73.0883,'HTI','AM','11263077',2019);
INSERT INTO country(name,lat,lng,id_country,id_Continent,population,year_census) VALUES ('Hungary',47.7837,19.1332,'HUN','EU','9769949',2019);
INSERT INTO country(name,lat,lng,id_country,id_Continent,population,year_census) VALUES ('Indonesia',4.217,108.2,'IDN','AS','270625568',2019);
INSERT INTO country(name,lat,lng,id_country,id_Continent,population,year_census) VALUES ('Isle Of Man',54.1504,-4.48,'IMN','EU','84584',2019);
INSERT INTO country(name,lat,lng,id_country,id_Continent,population,year_census) VALUES ('India',20.7197,70.9904,'IND','AS','1366417754',2019);
INSERT INTO country(name,lat,lng,id_country,id_Continent,population,year_census) VALUES ('Ireland',54.65,-8.1167,'IRL','EU','4941444',2019);
INSERT INTO country(name,lat,lng,id_country,id_Continent,population,year_census) VALUES ('Iran',34.5124,45.5772,'IRN','AS','82913906',2019);
INSERT INTO country(name,lat,lng,id_country,id_Continent,population,year_census) VALUES ('Iraq',33.0385,40.2845,'IRQ','AS','39309783',2019);
INSERT INTO country(name,lat,lng,id_country,id_Continent,population,year_census) VALUES ('Iceland',64.2723,-15.2139,'ISL','EU','361313',2019);
INSERT INTO country(name,lat,lng,id_country,id_Continent,population,year_census) VALUES ('Israel',31.9167,34.8667,'ISR','AS','9053300',2019);
INSERT INTO country(name,lat,lng,id_country,id_Continent,population,year_census) VALUES ('Italy',38.6666,16.1,'ITA','EU','60297396',2019);
INSERT INTO country(name,lat,lng,id_country,id_Continent,population,year_census) VALUES ('Jamaica',17.891,-76.329,'JAM','AM','2948279',2019);
INSERT INTO country(name,lat,lng,id_country,id_Continent,population,year_census) VALUES ('Jordan',32.3333,35.7528,'JOR','AS','10101694',2019);
INSERT INTO country(name,lat,lng,id_country,id_Continent,population,year_census) VALUES ('Japan',31.3833,130.85,'JPN','AS','126264931',2019);
INSERT INTO country(name,lat,lng,id_country,id_Continent,population,year_census) VALUES ('Kazakhstan',44.9387,74.0303,'KAZ','AS','18513930',2019);
INSERT INTO country(name,lat,lng,id_country,id_Continent,population,year_census) VALUES ('Kenya',-2.9828,38.4666,'KEN','A','52573973',2019);
INSERT INTO country(name,lat,lng,id_country,id_Continent,population,year_census) VALUES ('Kyrgyzstan',41.0307,73.2058,'KGZ','AS','6456900',2019);
INSERT INTO country(name,lat,lng,id_country,id_Continent,population,year_census) VALUES ('Cambodia',13.507,106.981,'KHM','AS','16486542',2019);
INSERT INTO country(name,lat,lng,id_country,id_Continent,population,year_census) VALUES ('Kiribati',1.3382,173.0176,'KIR','AO','117606',2019);
INSERT INTO country(name,lat,lng,id_country,id_Continent,population,year_census) VALUES ('Kosovo',42.9144,20.6897,'KIR1','AO','117606',2019);
INSERT INTO country(name,lat,lng,id_country,id_Continent,population,year_census) VALUES ('Saint Kitts And Nevis',17.302,-62.717,'KNA','NI','52834',2019);
INSERT INTO country(name,lat,lng,id_country,id_Continent,population,year_census) VALUES ('South Korea',36.9353,127.6897,'KOR','AS','51709098',2019);
INSERT INTO country(name,lat,lng,id_country,id_Continent,population,year_census) VALUES ('Kuwait',29.0769,48.0838,'KWT','AS','4207083',2019);
INSERT INTO country(name,lat,lng,id_country,id_Continent,population,year_census) VALUES ('Laos',19.3337,103.3666,'LAO','NI','7169455',2019);
INSERT INTO country(name,lat,lng,id_country,id_Continent,population,year_census) VALUES ('Lebanon',34.5428,36.0797,'LBN','AS','6855713',2019);
INSERT INTO country(name,lat,lng,id_country,id_Continent,population,year_census) VALUES ('Liberia',5.9161,-10.0525,'LBR','A','4937374',2019);
INSERT INTO country(name,lat,lng,id_country,id_Continent,population,year_census) VALUES ('Libya',28.5504,17.5834,'LBY','A','6777452',2019);
INSERT INTO country(name,lat,lng,id_country,id_Continent,population,year_census) VALUES ('Saint Lucia',14.002,-61,'LCA','NI','182790',2019);
INSERT INTO country(name,lat,lng,id_country,id_Continent,population,year_census) VALUES ('Liechtenstein',47.1182,9.5444,'LIE','EU','38019',2019);
INSERT INTO country(name,lat,lng,id_country,id_Continent,population,year_census) VALUES ('Sri Lanka',7.4839,80.3683,'LKA','AS','21803000',2019);
INSERT INTO country(name,lat,lng,id_country,id_Continent,population,year_census) VALUES ('Lesotho',-29.522,28.6084,'LSO','A','2125268',2019);
INSERT INTO country(name,lat,lng,id_country,id_Continent,population,year_census) VALUES ('Lithuania',54.2155,24.5754,'LTU','EU','2786844',2019);
INSERT INTO country(name,lat,lng,id_country,id_Continent,population,year_census) VALUES ('Luxembourg',49.7656,5.8908,'LUX','EU','619896',2019);
INSERT INTO country(name,lat,lng,id_country,id_Continent,population,year_census) VALUES ('Latvia',56.164,21.1627,'LVA','EU','1912789',2019);
INSERT INTO country(name,lat,lng,id_country,id_Continent,population,year_census) VALUES ('Macau',22.203,113.545,'MAC','EU','619896',2019);
INSERT INTO country(name,lat,lng,id_country,id_Continent,population,year_census) VALUES ('Morocco',29.7104,-9.74,'MAR','A','36471769',2019);
INSERT INTO country(name,lat,lng,id_country,id_Continent,population,year_census) VALUES ('Monaco',43.7396,7.4069,'MCO','EU','38964',2019);
INSERT INTO country(name,lat,lng,id_country,id_Continent,population,year_census) VALUES ('Moldova',47.2631,29.1608,'MDA','NI','2657637',2019);
INSERT INTO country(name,lat,lng,id_country,id_Continent,population,year_census) VALUES ('Madagascar',-25.0219,44.0749,'MDG','A','26969307',2019);
INSERT INTO country(name,lat,lng,id_country,id_Continent,population,year_census) VALUES ('Maldives',5.7669,73.4136,'MDV','NI','530953',2019);
INSERT INTO country(name,lat,lng,id_country,id_Continent,population,year_census) VALUES ('Mexico',28.9337,-114.1666,'MEX','AM','127575529',2019);
INSERT INTO country(name,lat,lng,id_country,id_Continent,population,year_census) VALUES ('Marshall Islands',7.103,171.38,'MHL','AO','58791',2019);
INSERT INTO country(name,lat,lng,id_country,id_Continent,population,year_census) VALUES ('Macedonia',41.1865,22.7203,'MKD','EU','2083459',2019);
INSERT INTO country(name,lat,lng,id_country,id_Continent,population,year_census) VALUES ('Mali',12.617,-11.4066,'MLI','A','19658031',2019);
INSERT INTO country(name,lat,lng,id_country,id_Continent,population,year_census) VALUES ('Malta',36.0556,14.2036,'MLT','EU','502653',2019);
INSERT INTO country(name,lat,lng,id_country,id_Continent,population,year_census) VALUES ('Burma',16.1619,94.7014,'MMR','NI','54045420',2019);
INSERT INTO country(name,lat,lng,id_country,id_Continent,population,year_census) VALUES ('Montenegro',43.1528,18.8394,'MNE','EU','622137',2019);
INSERT INTO country(name,lat,lng,id_country,id_Continent,population,year_census) VALUES ('Mongolia',48.9664,96.7833,'MNG','AS','3225167',2019);
INSERT INTO country(name,lat,lng,id_country,id_Continent,population,year_census) VALUES ('Northern Mariana Islands',15.2137,145.7546,'MNP','AS','25666161',2019);
INSERT INTO country(name,lat,lng,id_country,id_Continent,population,year_census) VALUES ('Mozambique',-21.9995,35.3166,'MOZ','A','30366036',2019);
INSERT INTO country(name,lat,lng,id_country,id_Continent,population,year_census) VALUES ('Mauritania',25.3804,-5.78,'MRT','A','4525696',2019);
INSERT INTO country(name,lat,lng,id_country,id_Continent,population,year_census) VALUES ('Martinique',14.6104,-61.08,'MTQ','AO','58791',2019);
INSERT INTO country(name,lat,lng,id_country,id_Continent,population,year_census) VALUES ('Mauritius',-20.3162,57.5166,'MUS','A','1265711',2019);
INSERT INTO country(name,lat,lng,id_country,id_Continent,population,year_census) VALUES ('Malawi',-16.55,35.1332,'MWI','A','18628747',2019);
INSERT INTO country(name,lat,lng,id_country,id_Continent,population,year_census) VALUES ('Malaysia',4.184,102.042,'MYS','AS','31949777',2019);
INSERT INTO country(name,lat,lng,id_country,id_Continent,population,year_census) VALUES ('Mayotte',-12.7871,45.275,'MYT','A','1265711',2019);
INSERT INTO country(name,lat,lng,id_country,id_Continent,population,year_census) VALUES ('Namibia',-19.64,17.342,'NAM','A','2494530',2019);
INSERT INTO country(name,lat,lng,id_country,id_Continent,population,year_census) VALUES ('New Caledonia',-20.9,167.2667,'NCL','AO','287800',2019);
INSERT INTO country(name,lat,lng,id_country,id_Continent,population,year_census) VALUES ('Niger',21.015,12.3075,'NER','A','23310715',2019);
INSERT INTO country(name,lat,lng,id_country,id_Continent,population,year_census) VALUES ('Nigeria',5.7837,7.0333,'NGA','A','200963599',2019);
INSERT INTO country(name,lat,lng,id_country,id_Continent,population,year_census) VALUES ('Nicaragua',10.9204,-83.7,'NIC','AM','6545502',2019);
INSERT INTO country(name,lat,lng,id_country,id_Continent,population,year_census) VALUES ('Netherlands',52.5176,5.474,'NLD','EU','17332850',2019);
INSERT INTO country(name,lat,lng,id_country,id_Continent,population,year_census) VALUES ('Norway',61.1833,6.85,'NOR','EU','5347896',2019);
INSERT INTO country(name,lat,lng,id_country,id_Continent,population,year_census) VALUES ('Nepal',29.25,82.2167,'NPL','AS','28608710',2019);
INSERT INTO country(name,lat,lng,id_country,id_Continent,population,year_census) VALUES ('New Zealand',-41.7638,171.6028,'NZL','AO','4917000',2019);
INSERT INTO country(name,lat,lng,id_country,id_Continent,population,year_census) VALUES ('Oman',16.9924,54.6918,'OMN','AS','4974986',2019);
INSERT INTO country(name,lat,lng,id_country,id_Continent,population,year_census) VALUES ('Pakistan',32.4522,71.4718,'PAK','AS','216565318',2019);
INSERT INTO country(name,lat,lng,id_country,id_Continent,population,year_census) VALUES ('Panama',7.519,-78.166,'PAN','AM','4246439',2019);
INSERT INTO country(name,lat,lng,id_country,id_Continent,population,year_census) VALUES ('Peru',-2.5161,-75.7666,'PER','AM','32510453',2019);
INSERT INTO country(name,lat,lng,id_country,id_Continent,population,year_census) VALUES ('Philippines',13.7177,123.7448,'PHL','AS','108116615',2019);
INSERT INTO country(name,lat,lng,id_country,id_Continent,population,year_census) VALUES ('Palau',7.4874,134.6265,'PLW','AO','18008',2019);
INSERT INTO country(name,lat,lng,id_country,id_Continent,population,year_census) VALUES ('Papua New Guinea',-10.0426,148.565,'PNG','AO','8776109',2019);
INSERT INTO country(name,lat,lng,id_country,id_Continent,population,year_census) VALUES ('Poland',52.7368,15.2288,'POL','EU','37970874',2019);
INSERT INTO country(name,lat,lng,id_country,id_Continent,population,year_census) VALUES ('Puerto Rico',18.1619,-65.7584,'PRI','AM','3193694',2019);
INSERT INTO country(name,lat,lng,id_country,id_Continent,population,year_census) VALUES ('North Korea',40.6171,125.4501,'PRK','AS','25666161',2019);
INSERT INTO country(name,lat,lng,id_country,id_Continent,population,year_census) VALUES ('Portugal',38.5347,-28.6448,'PRT','EU','10269417',2019);
INSERT INTO country(name,lat,lng,id_country,id_Continent,population,year_census) VALUES ('Paraguay',-22.64,-57.79,'PRY','AM','7044636',2019);
INSERT INTO country(name,lat,lng,id_country,id_Continent,population,year_census) VALUES ('French Polynesia',-17.5334,-149.5667,'PYF','AO','279287',2019);
INSERT INTO country(name,lat,lng,id_country,id_Continent,population,year_census) VALUES ('Qatar',26.1293,51.2009,'QAT','AS','2832067',2019);
INSERT INTO country(name,lat,lng,id_country,id_Continent,population,year_census) VALUES ('Reunion',-21.0335,55.7128,'REU','AS','2832067',2019);
INSERT INTO country(name,lat,lng,id_country,id_Continent,population,year_census) VALUES ('Romania',45.8833,22.9167,'ROU','EU','19356544',2019);
INSERT INTO country(name,lat,lng,id_country,id_Continent,population,year_census) VALUES ('Russia',74.0165,111.51,'RUS','EU','144373535',2019);
INSERT INTO country(name,lat,lng,id_country,id_Continent,population,year_census) VALUES ('Rwanda',-2.4833,29.5667,'RWA','A','12626950',2019);
INSERT INTO country(name,lat,lng,id_country,id_Continent,population,year_census) VALUES ('Saudi Arabia',19.1264,41.0789,'SAU','AS','34268528',2019);
INSERT INTO country(name,lat,lng,id_country,id_Continent,population,year_census) VALUES ('Sudan',19.6337,30.4166,'SDN','A','42813238',2019);
INSERT INTO country(name,lat,lng,id_country,id_Continent,population,year_census) VALUES ('Senegal',16.15,-13.5,'SEN','A','16296364',2019);
INSERT INTO country(name,lat,lng,id_country,id_Continent,population,year_census) VALUES ('Singapore',1.293,103.8558,'SGP','AS','5703569',2019);
INSERT INTO country(name,lat,lng,id_country,id_Continent,population,year_census) VALUES ('South Georgia And South Sandwich Islands',-54.2806,-36.508,'SGS','A','58558270',2019);
INSERT INTO country(name,lat,lng,id_country,id_Continent,population,year_census) VALUES ('Saint Helena',-37.0675,-12.3105,'SHN','A','12626950',2019);
INSERT INTO country(name,lat,lng,id_country,id_Continent,population,year_census) VALUES ('Solomon Islands',-11.5531,160.0647,'SLB','AO','669823',2019);
INSERT INTO country(name,lat,lng,id_country,id_Continent,population,year_census) VALUES ('Sierra Leone',8.4405,-10.85,'SLE','A','7813215',2019);
INSERT INTO country(name,lat,lng,id_country,id_Continent,population,year_census) VALUES ('El Salvador',13.7,-88.1,'SLV','AM','6453553',2019);
INSERT INTO country(name,lat,lng,id_country,id_Continent,population,year_census) VALUES ('San Marino',43.9261,12.4981,'SMR','NI','33860',2019);
INSERT INTO country(name,lat,lng,id_country,id_Continent,population,year_census) VALUES ('Sint Maarten',18.0255,-63.045,'SMX','AS','5703569',2019);
INSERT INTO country(name,lat,lng,id_country,id_Continent,population,year_census) VALUES ('Somalia',10.582,51.1233,'SOM','A','15442905',2019);
INSERT INTO country(name,lat,lng,id_country,id_Continent,population,year_census) VALUES ('Serbia',42.3071,21.65,'SRB','EU','6944975',2019);
INSERT INTO country(name,lat,lng,id_country,id_Continent,population,year_census) VALUES ('South Sudan',3.6,32.05,'SSD','A','11062113',2019);
INSERT INTO country(name,lat,lng,id_country,id_Continent,population,year_census) VALUES ('Sao Tome And Principe',1.645,7.412,'STP','NI','215056',2019);
INSERT INTO country(name,lat,lng,id_country,id_Continent,population,year_census) VALUES ('Suriname',5.02,-55.17,'SUR','AM','581363',2019);
INSERT INTO country(name,lat,lng,id_country,id_Continent,population,year_census) VALUES ('Slovakia',48.5837,19.1332,'SVK','EU','5454073',2019);
INSERT INTO country(name,lat,lng,id_country,id_Continent,population,year_census) VALUES ('Slovenia',46.3833,14.4667,'SVN','EU','2087946',2019);
INSERT INTO country(name,lat,lng,id_country,id_Continent,population,year_census) VALUES ('Sweden',61.352,16.3666,'SWE','EU','10285453',2019);
INSERT INTO country(name,lat,lng,id_country,id_Continent,population,year_census) VALUES ('Swaziland',-27,31.4167,'SWZ','NI','1148130',2019);
INSERT INTO country(name,lat,lng,id_country,id_Continent,population,year_census) VALUES ('Seychelles',-4.6166,55.45,'SYC','A','97625',2019);
INSERT INTO country(name,lat,lng,id_country,id_Continent,population,year_census) VALUES ('Syria',36.5888,37.0441,'SYR','AS','17070135',2019);
INSERT INTO country(name,lat,lng,id_country,id_Continent,population,year_census) VALUES ('Turks And Caicos Islands',21.4664,-71.136,'TCA','AM','38191',2019);
INSERT INTO country(name,lat,lng,id_country,id_Continent,population,year_census) VALUES ('Chad',20.4587,16.5278,'TCD','A','15946876',2019);
INSERT INTO country(name,lat,lng,id_country,id_Continent,population,year_census) VALUES ('Togo',8.557,0.985,'TGO','A','8082366',2019);
INSERT INTO country(name,lat,lng,id_country,id_Continent,population,year_census) VALUES ('Thailand',15.584,102.4186,'THA','AS','69625582',2019);
INSERT INTO country(name,lat,lng,id_country,id_Continent,population,year_census) VALUES ('Tajikistan',37.9794,68.689,'TJK','NI','9321018',2019);
INSERT INTO country(name,lat,lng,id_country,id_Continent,population,year_census) VALUES ('Turkmenistan',39.4362,53.1226,'TKM','AS','5942089',2019);
INSERT INTO country(name,lat,lng,id_country,id_Continent,population,year_census) VALUES ('Timor-Leste',-8.8575,126.3647,'TLS','AS','1293119',2019);
INSERT INTO country(name,lat,lng,id_country,id_Continent,population,year_census) VALUES ('Tonga',-18.6496,-173.9833,'TON','AO','104494',2019);
INSERT INTO country(name,lat,lng,id_country,id_Continent,population,year_census) VALUES ('Trinidad And Tobago',10.3059,-61.1756,'TTO','AM','1394973',2019);
INSERT INTO country(name,lat,lng,id_country,id_Continent,population,year_census) VALUES ('Tunisia',32.017,10.7,'TUN','A','11694719',2019);
INSERT INTO country(name,lat,lng,id_country,id_Continent,population,year_census) VALUES ('Turkey',38.5066,42.2816,'TUR','AS','83429615',2019);
INSERT INTO country(name,lat,lng,id_country,id_Continent,population,year_census) VALUES ('Tuvalu',-8.5167,179.2166,'TUV','AO','11646',2019);
INSERT INTO country(name,lat,lng,id_country,id_Continent,population,year_census) VALUES ('Taiwan',23.4611,120.2419,'TWN','AS','17070135',2019);
INSERT INTO country(name,lat,lng,id_country,id_Continent,population,year_census) VALUES ('Tanzania',-4.4565,30.2614,'TZA','A','58005463',2019);
INSERT INTO country(name,lat,lng,id_country,id_Continent,population,year_census) VALUES ('Uganda',1.7004,32.0699,'UGA','A','44269594',2019);
INSERT INTO country(name,lat,lng,id_country,id_Continent,population,year_census) VALUES ('Ukraine',51.3894,30.0989,'UKR','EU','44385155',2019);
INSERT INTO country(name,lat,lng,id_country,id_Continent,population,year_census) VALUES ('Uruguay',-33.47,-55.12,'URY','AM','3461734',2019);
INSERT INTO country(name,lat,lng,id_country,id_Continent,population,year_census) VALUES ('United States',43.5916,-71.0098,'USA','AM','328239523',2019);
INSERT INTO country(name,lat,lng,id_country,id_Continent,population,year_census) VALUES ('Uzbekistan',43.7683,59.0214,'UZB','AS','33580650',2019);
INSERT INTO country(name,lat,lng,id_country,id_Continent,population,year_census) VALUES ('Saint Vincent And The Grenadines',13.1483,-61.2121,'VCT','NI','110589',2019);
INSERT INTO country(name,lat,lng,id_country,id_Continent,population,year_census) VALUES ('Venezuela',7.3504,-62.5333,'VEN','AM','28515829',2019);
INSERT INTO country(name,lat,lng,id_country,id_Continent,population,year_census) VALUES ('Vietnam',21.74,103.343,'VNM','AS','96462106',2019);
INSERT INTO country(name,lat,lng,id_country,id_Continent,population,year_census) VALUES ('Vanuatu',-13.8761,167.5517,'VUT','AO','299882',2019);
INSERT INTO country(name,lat,lng,id_country,id_Continent,population,year_census) VALUES ('Wallis And Futuna',-14.2933,-178.1583,'WLF','AS','96462106',2019);
INSERT INTO country(name,lat,lng,id_country,id_Continent,population,year_census) VALUES ('West Bank',31.7764,35.2269,'WLF1','AS','96462106',2019);
INSERT INTO country(name,lat,lng,id_country,id_Continent,population,year_census) VALUES ('Samoa',-13.4489,-172.3352,'WSM','NI','197097',2019);
INSERT INTO country(name,lat,lng,id_country,id_Continent,population,year_census) VALUES ('Yemen',15.2105,51.2454,'YEM','AS','29161922',2019);
INSERT INTO country(name,lat,lng,id_country,id_Continent,population,year_census) VALUES ('South Africa',-27.5661,32.0833,'ZAF','A','58558270',2019);
INSERT INTO country(name,lat,lng,id_country,id_Continent,population,year_census) VALUES ('Zambia',-14.5495,30.81,'ZMB','A','17861030',2019);
INSERT INTO country(name,lat,lng,id_country,id_Continent,population,year_census) VALUES ('Zimbabwe',-20.4795,27.82,'ZWE','A','14645468',2019);


-- Insert departamentos
INSERT INTO department(id_department,id_country,name,population,year_census,lat,lng) VALUES ('BOL1291','BOL','Cochabamba',2026460,2019,-17.3895, -66.1568);
INSERT INTO department(id_department,id_country,name,population,year_census,lat,lng) VALUES ('BOL1292','BOL','Chuquisaca',640264,2019,-19.0333, -65.2627);
INSERT INTO department(id_department,id_country,name,population,year_census,lat,lng) VALUES ('BOL1293','BOL','Beni',489056,2019,-14.83333, -64.9);
INSERT INTO department(id_department,id_country,name,population,year_census,lat,lng) VALUES ('BOL1936','BOL','La Paz',2967180,2019,-16.5, -68.15);
INSERT INTO department(id_department,id_country,name,population,year_census,lat,lng) VALUES ('BOL1937','BOL','Oruro',539089,2019,-17.9833, -67.15);
INSERT INTO department(id_department,id_country,name,population,year_census,lat,lng) VALUES ('BOL1938','BOL','Pando',148612,2019,-11.0267, -68.7692);
INSERT INTO department(id_department,id_country,name,population,year_census,lat,lng) VALUES ('BOL1939','BOL','Potosi',891761,2019,-19.5836, -65.7531);
INSERT INTO department(id_department,id_country,name,population,year_census,lat,lng) VALUES ('BOL1940','BOL','Santa Cruz',3237223,2019,-17.7863, -63.1812);
INSERT INTO department(id_department,id_country,name,population,year_census,lat,lng) VALUES ('BOL1941','BOL','Tarija',572823,2019,-21.5355, -64.7295);


-- Insert municipios

INSERT INTO municipio(id_department,name,lat,lng,id_municipio,population,year_census) VALUES ('BOL1291','Aiquile',-18.20171,-65.18008,'c14','21.636',2019);
INSERT INTO municipio(id_department,name,lat,lng,id_municipio,population,year_census) VALUES ('BOL1291','Anzaldo',-17.78343,-65.93570,'c28','5.396',2019);
INSERT INTO municipio(id_department,name,lat,lng,id_municipio,population,year_census) VALUES ('BOL1291','Arani',-17.57277,-65.77040,'c18','9.214',2019);
INSERT INTO municipio(id_department,name,lat,lng,id_municipio,population,year_census) VALUES ('BOL1291','Arbieto',-17.58174,-66.01530,'c24','17.622',2019);
INSERT INTO municipio(id_department,name,lat,lng,id_municipio,population,year_census) VALUES ('BOL1291','Arque',-17.82132,-66.40175,'c39','10.262',2019);
INSERT INTO municipio(id_department,name,lat,lng,id_municipio,population,year_census) VALUES ('BOL1291','Bolivar',-17.97007,-66.53704,'c37','6.66',2019);
INSERT INTO municipio(id_department,name,lat,lng,id_municipio,population,year_census) VALUES ('BOL1291','Capinota',-17.71601,-66.26304,'c17','20.908',2019);
INSERT INTO municipio(id_department,name,lat,lng,id_municipio,population,year_census) VALUES ('BOL1291','Chimore',-16.99443,-65.15092,'c12','24.191',2019);
INSERT INTO municipio(id_department,name,lat,lng,id_municipio,population,year_census) VALUES ('BOL1291','Cliza',-17.59163,-65.93402,'c16','22.003',2019);
INSERT INTO municipio(id_department,name,lat,lng,id_municipio,population,year_census) VALUES ('BOL1291','Cocapata',-16.83803,-66.63007,'c42','17.85',2019);
INSERT INTO municipio(id_department,name,lat,lng,id_municipio,population,year_census) VALUES ('BOL1291','Cochabamba',-17.38146,-66.15878,'c0','811.338',2019);
INSERT INTO municipio(id_department,name,lat,lng,id_municipio,population,year_census) VALUES ('BOL1291','Colcapirhua',-17.38957,-66.24127,'c5','52.598',2019);
INSERT INTO municipio(id_department,name,lat,lng,id_municipio,population,year_census) VALUES ('BOL1291','Colomi',-17.33783,-65.86758,'c23','20.477',2019);
INSERT INTO municipio(id_department,name,lat,lng,id_municipio,population,year_census) VALUES ('BOL1291','Cuchumuela (V. G.Villarroel)',-17.66584,-65.79572,'c41','1.62',2019);
INSERT INTO municipio(id_department,name,lat,lng,id_municipio,population,year_census) VALUES ('BOL1291','Entre Rios (Bulo Bulo)',-17.26000,-64.34838,'c6','36.385',2019);
INSERT INTO municipio(id_department,name,lat,lng,id_municipio,population,year_census) VALUES ('BOL1291','Independencia',-17.08394,-66.81768,'c25','22.829',2019);
INSERT INTO municipio(id_department,name,lat,lng,id_municipio,population,year_census) VALUES ('BOL1291','Mizque',-17.94303,-65.34284,'c15','28.387',2019);
INSERT INTO municipio(id_department,name,lat,lng,id_municipio,population,year_census) VALUES ('BOL1291','Morochata',-17.23462,-66.53190,'c43','10.988',2019);
INSERT INTO municipio(id_department,name,lat,lng,id_municipio,population,year_census) VALUES ('BOL1291','Omereque',-18.10828,-64.90838,'c32','4.608',2019);
INSERT INTO municipio(id_department,name,lat,lng,id_municipio,population,year_census) VALUES ('BOL1291','Pasorapa',-18.32161,-64.67490,'c33','2.892',2019);
INSERT INTO municipio(id_department,name,lat,lng,id_municipio,population,year_census) VALUES ('BOL1291','Pocona',-17.67521,-65.41995,'c27','9.563',2019);
INSERT INTO municipio(id_department,name,lat,lng,id_municipio,population,year_census) VALUES ('BOL1291','Pojo',-17.75758,-64.86565,'c35','10.285',2019);
INSERT INTO municipio(id_department,name,lat,lng,id_municipio,population,year_census) VALUES ('BOL1291','Puerto Villarroel',-16.83879,-64.79333,'c4','59.632',2019);
INSERT INTO municipio(id_department,name,lat,lng,id_municipio,population,year_census) VALUES ('BOL1291','Punata',-17.54614,-65.83848,'c8','40.925',2019);
INSERT INTO municipio(id_department,name,lat,lng,id_municipio,population,year_census) VALUES ('BOL1291','Quillacollo',-17.39548,-66.27979,'c1','166.281',2019);
INSERT INTO municipio(id_department,name,lat,lng,id_municipio,population,year_census) VALUES ('BOL1291','Sacaba',-17.40212,-66.03912,'c2','178.727',2019);
INSERT INTO municipio(id_department,name,lat,lng,id_municipio,population,year_census) VALUES ('BOL1291','Sacabamba',-17.81174,-65.77650,'c44','3.25',2019);
INSERT INTO municipio(id_department,name,lat,lng,id_municipio,population,year_census) VALUES ('BOL1291','San Benito',-17.52270,-65.89441,'c13','11.007',2019);
INSERT INTO municipio(id_department,name,lat,lng,id_municipio,population,year_census) VALUES ('BOL1291','SantibaÃƒÆ’Ã‚Â±ez',-17.55036,-66.24801,'c22','6.601',2019);
INSERT INTO municipio(id_department,name,lat,lng,id_municipio,population,year_census) VALUES ('BOL1291','Shinahota',-16.99359,-65.24534,'c10','25.493',2019);
INSERT INTO municipio(id_department,name,lat,lng,id_municipio,population,year_census) VALUES ('BOL1291','Sicaya',-17.80057,-66.33381,'c36','3.909',2019);
INSERT INTO municipio(id_department,name,lat,lng,id_municipio,population,year_census) VALUES ('BOL1291','Sipe Sipe',-17.45419,-66.35423,'c9','46.35',2019);
INSERT INTO municipio(id_department,name,lat,lng,id_municipio,population,year_census) VALUES ('BOL1291','Tacachi',-17.64193,-65.80124,'c45','617',2019);
INSERT INTO municipio(id_department,name,lat,lng,id_municipio,population,year_census) VALUES ('BOL1291','Tacopaya',-17.83740,-66.53466,'c38','7.741',2019);
INSERT INTO municipio(id_department,name,lat,lng,id_municipio,population,year_census) VALUES ('BOL1291','Tapacari',-17.52116,-66.61645,'c30','23.403',2019);
INSERT INTO municipio(id_department,name,lat,lng,id_municipio,population,year_census) VALUES ('BOL1291','Tarata',-17.61301,-66.02419,'c20','9.852',2019);
INSERT INTO municipio(id_department,name,lat,lng,id_municipio,population,year_census) VALUES ('BOL1291','Tiquipaya',-17.33813,-66.21958,'c3','61.959',2019);
INSERT INTO municipio(id_department,name,lat,lng,id_municipio,population,year_census) VALUES ('BOL1291','Tiraque',-17.42738,-65.72363,'c31','20.969',2019);
INSERT INTO municipio(id_department,name,lat,lng,id_municipio,population,year_census) VALUES ('BOL1291','Toko',-17.62543,-65.92906,'c26','5.688',2019);
INSERT INTO municipio(id_department,name,lat,lng,id_municipio,population,year_census) VALUES ('BOL1291','Tolata',-17.53391,-65.96260,'c19','5.613',2019);
INSERT INTO municipio(id_department,name,lat,lng,id_municipio,population,year_census) VALUES ('BOL1291','Totora',-17.73650,-65.19116,'c21','15.948',2019);
INSERT INTO municipio(id_department,name,lat,lng,id_municipio,population,year_census) VALUES ('BOL1291','Vacas',-17.57533,-65.58025,'c34','8.305',2019);
INSERT INTO municipio(id_department,name,lat,lng,id_municipio,population,year_census) VALUES ('BOL1291','Vila Vila',-17.98165,-65.63178,'c40','4.592',2019);
INSERT INTO municipio(id_department,name,lat,lng,id_municipio,population,year_census) VALUES ('BOL1291','Villa Rivero',-17.61631,-65.81284,'c29','7.575',2019);
INSERT INTO municipio(id_department,name,lat,lng,id_municipio,population,year_census) VALUES ('BOL1291','Villa Tunari',-16.97305,-65.41960,'c11','83.719',2019);
INSERT INTO municipio(id_department,name,lat,lng,id_municipio,population,year_census) VALUES ('BOL1291','Vinto',-17.38240,-66.31645,'c7','57.974',2019);
INSERT INTO municipio(id_department,name,lat,lng,id_municipio,population,year_census) VALUES ('BOL1292','Camargo',-20.64063,-65.21004,'ch26','15.292',2019);
INSERT INTO municipio(id_department,name,lat,lng,id_municipio,population,year_census) VALUES ('BOL1292','Culpina',-20.82351,-64.94338,'ch23','17257',2019);
INSERT INTO municipio(id_department,name,lat,lng,id_municipio,population,year_census) VALUES ('BOL1292','El Villar',-19.62884,-64.30961,'ch17','4090',2019);
INSERT INTO municipio(id_department,name,lat,lng,id_municipio,population,year_census) VALUES ('BOL1292','Huacaya',-20.74366,-63.66465,'ch8','2493',2019);
INSERT INTO municipio(id_department,name,lat,lng,id_municipio,population,year_census) VALUES ('BOL1292','Icla',-19.36343,-64.79311,'ch9','7951',2019);
INSERT INTO municipio(id_department,name,lat,lng,id_municipio,population,year_census) VALUES ('BOL1292','Incahuasi',-20.78370,-64.86733,'ch15','12442',2019);
INSERT INTO municipio(id_department,name,lat,lng,id_municipio,population,year_census) VALUES ('BOL1292','Las Carretas',-21.21113,-65.20719,'ch2','3121',2019);
INSERT INTO municipio(id_department,name,lat,lng,id_municipio,population,year_census) VALUES ('BOL1292','Machareti',-20.81457,-63.36119,'ch20','7084',2019);
INSERT INTO municipio(id_department,name,lat,lng,id_municipio,population,year_census) VALUES ('BOL1292','Monteagudo',-19.79989,-63.95477,'ch27','24515',2019);
INSERT INTO municipio(id_department,name,lat,lng,id_municipio,population,year_census) VALUES ('BOL1292','Muyupampa (Villa Vaca Guzman)',-19.89323,-63.74867,'ch25','9407',2019);
INSERT INTO municipio(id_department,name,lat,lng,id_municipio,population,year_census) VALUES ('BOL1292','Padilla',-19.30731,-64.30197,'ch24','10156',2019);
INSERT INTO municipio(id_department,name,lat,lng,id_municipio,population,year_census) VALUES ('BOL1292','Poroma',-18.53791,-65.42504,'ch0','15828',2019);
INSERT INTO municipio(id_department,name,lat,lng,id_municipio,population,year_census) VALUES ('BOL1292','Presto',-18.93018,-64.93697,'ch12','10223',2019);
INSERT INTO municipio(id_department,name,lat,lng,id_municipio,population,year_census) VALUES ('BOL1292','San Lucas',-20.10198,-65.13356,'ch18','31193',2019);
INSERT INTO municipio(id_department,name,lat,lng,id_municipio,population,year_census) VALUES ('BOL1292','San Pablo de Huacareta',-20.36678,-64.00274,'ch21','8169',2019);
INSERT INTO municipio(id_department,name,lat,lng,id_municipio,population,year_census) VALUES ('BOL1292','Sopachuy',-19.48702,-64.47473,'ch5','6098',2019);
INSERT INTO municipio(id_department,name,lat,lng,id_municipio,population,year_census) VALUES ('BOL1292','Sucre',-19.04652,-65.26017,'ch28','341258',2019);
INSERT INTO municipio(id_department,name,lat,lng,id_municipio,population,year_census) VALUES ('BOL1292','Tarabuco',-19.18115,-64.91542,'ch7','15582',2019);
INSERT INTO municipio(id_department,name,lat,lng,id_municipio,population,year_census) VALUES ('BOL1292','Tarvita (Villa Arias)',-19.92603,-64.48361,'ch3','13858',2019);
INSERT INTO municipio(id_department,name,lat,lng,id_municipio,population,year_census) VALUES ('BOL1292','Tomina',-19.18543,-64.46060,'ch1','8821',2019);
INSERT INTO municipio(id_department,name,lat,lng,id_municipio,population,year_census) VALUES ('BOL1292','Villa Abecia',-20.97397,-65.23101,'ch10','3143',2019);
INSERT INTO municipio(id_department,name,lat,lng,id_municipio,population,year_census) VALUES ('BOL1292','Villa Alcala',-19.36628,-64.38930,'ch16','2665',2019);
INSERT INTO municipio(id_department,name,lat,lng,id_municipio,population,year_census) VALUES ('BOL1292','Villa Azurduy',-20.10565,-64.41359,'ch13','10950',2019);
INSERT INTO municipio(id_department,name,lat,lng,id_municipio,population,year_census) VALUES ('BOL1292','Villa Charcas',-20.72470,-64.88639,'ch11','15436',2019);
INSERT INTO municipio(id_department,name,lat,lng,id_municipio,population,year_census) VALUES ('BOL1292','Villa Mojocoya',-18.76336,-64.61790,'ch4','7687',2019);
INSERT INTO municipio(id_department,name,lat,lng,id_municipio,population,year_census) VALUES ('BOL1292','Villa Serrano',-19.12321,-64.32326,'ch22','10273',2019);
INSERT INTO municipio(id_department,name,lat,lng,id_municipio,population,year_census) VALUES ('BOL1292','Yamparaez',-19.18912,-65.11810,'ch14','8566',2019);
INSERT INTO municipio(id_department,name,lat,lng,id_municipio,population,year_census) VALUES ('BOL1292','Yotala',-19.16209,-65.26438,'ch19','8938',2019);
INSERT INTO municipio(id_department,name,lat,lng,id_municipio,population,year_census) VALUES ('BOL1292','ZudaÃƒÆ’Ã‚Â±ez',-19.11978,-64.69890,'ch6','7768',2019);
INSERT INTO municipio(id_department,name,lat,lng,id_municipio,population,year_census) VALUES ('BOL1293','Baures',-13.65543,-63.69585,'be6','5299',2019);
INSERT INTO municipio(id_department,name,lat,lng,id_municipio,population,year_census) VALUES ('BOL1293','Exaltacion',-13.32008,-65.25040,'be4','4292',2019);
INSERT INTO municipio(id_department,name,lat,lng,id_municipio,population,year_census) VALUES ('BOL1293','Guayaramerin',-10.81650,-65.35465,'be16','48521',2019);
INSERT INTO municipio(id_department,name,lat,lng,id_municipio,population,year_census) VALUES ('BOL1293','Huacaraje',-13.59281,-63.88020,'be2','3822',2019);
INSERT INTO municipio(id_department,name,lat,lng,id_municipio,population,year_census) VALUES ('BOL1293','Loreto',-15.19369,-64.76026,'be3','2786',2019);
INSERT INTO municipio(id_department,name,lat,lng,id_municipio,population,year_census) VALUES ('BOL1293','Magdalena',-13.26242,-64.05451,'be9','11740',2019);
INSERT INTO municipio(id_department,name,lat,lng,id_municipio,population,year_census) VALUES ('BOL1293','Puerto Siles',-12.79933,-65.00226,'be0','1100',2019);
INSERT INTO municipio(id_department,name,lat,lng,id_municipio,population,year_census) VALUES ('BOL1293','Reyes',-14.29633,-67.33618,'be10','11625',2019);
INSERT INTO municipio(id_department,name,lat,lng,id_municipio,population,year_census) VALUES ('BOL1293','Riberalta',-11.00176,-66.07150,'be17','109620',2019);
INSERT INTO municipio(id_department,name,lat,lng,id_municipio,population,year_census) VALUES ('BOL1293','Rurrenabaque',-14.44174,-67.52844,'be14','20574',2019);
INSERT INTO municipio(id_department,name,lat,lng,id_municipio,population,year_census) VALUES ('BOL1293','San Andres',-15.02287,-64.66618,'be8','11119',2019);
INSERT INTO municipio(id_department,name,lat,lng,id_municipio,population,year_census) VALUES ('BOL1293','San Borja',-14.85818,-66.74711,'be13','39719',2019);
INSERT INTO municipio(id_department,name,lat,lng,id_municipio,population,year_census) VALUES ('BOL1293','San Ignacio',-14.99635,-65.63757,'be7','19794',2019);
INSERT INTO municipio(id_department,name,lat,lng,id_municipio,population,year_census) VALUES ('BOL1293','San Javier',-14.59999,-64.88095,'be1','3977',2019);
INSERT INTO municipio(id_department,name,lat,lng,id_municipio,population,year_census) VALUES ('BOL1293','San Joaquin',-13.04112,-64.66786,'be11','6017',2019);
INSERT INTO municipio(id_department,name,lat,lng,id_municipio,population,year_census) VALUES ('BOL1293','San Ramon',-13.26558,-64.61682,'be5','5062',2019);
INSERT INTO municipio(id_department,name,lat,lng,id_municipio,population,year_census) VALUES ('BOL1293','Santa Ana de Yacuma',-13.74425,-65.42735,'be15','18386',2019);
INSERT INTO municipio(id_department,name,lat,lng,id_municipio,population,year_census) VALUES ('BOL1293','Santa Rosa',-14.07926,-66.79184,'be12','9829',2019);
INSERT INTO municipio(id_department,name,lat,lng,id_municipio,population,year_census) VALUES ('BOL1293','Trinidad',-14.83579,-64.90185,'be18','155774',2019);
INSERT INTO municipio(id_department,name,lat,lng,id_municipio,population,year_census) VALUES ('BOL1936','Achacachi',-16.04329,-68.68528,'lp62','37.915',2019);
INSERT INTO municipio(id_department,name,lat,lng,id_municipio,population,year_census) VALUES ('BOL1936','Achocalla',-16.57450,-68.16673,'lp73','18.951',2019);
INSERT INTO municipio(id_department,name,lat,lng,id_municipio,population,year_census) VALUES ('BOL1936','Alto Beni',-15.54524,-67.44971,'lp34','9.467',2019);
INSERT INTO municipio(id_department,name,lat,lng,id_municipio,population,year_census) VALUES ('BOL1936','Ancoraimes',-15.89713,-68.90697,'lp21','9.391',2019);
INSERT INTO municipio(id_department,name,lat,lng,id_municipio,population,year_census) VALUES ('BOL1936','Apolo',-14.71741,-68.41804,'lp51','17.976',2019);
INSERT INTO municipio(id_department,name,lat,lng,id_municipio,population,year_census) VALUES ('BOL1936','Ayata',-15.45925,-68.83470,'lp10','8.427',2019);
INSERT INTO municipio(id_department,name,lat,lng,id_municipio,population,year_census) VALUES ('BOL1936','Batallas',-16.29958,-68.53163,'lp70','15.453',2019);
INSERT INTO municipio(id_department,name,lat,lng,id_municipio,population,year_census) VALUES ('BOL1936','Cairoma',-16.90347,-67.53999,'lp46','10.105',2019);
INSERT INTO municipio(id_department,name,lat,lng,id_municipio,population,year_census) VALUES ('BOL1936','Cajuata',-16.69902,-67.17265,'lp24','10.268',2019);
INSERT INTO municipio(id_department,name,lat,lng,id_municipio,population,year_census) VALUES ('BOL1936','Calacoto',-17.28319,-68.63637,'lp37','8.157',2019);
INSERT INTO municipio(id_department,name,lat,lng,id_municipio,population,year_census) VALUES ('BOL1936','Calamarca',-16.90978,-68.11904,'lp36','11.24',2019);
INSERT INTO municipio(id_department,name,lat,lng,id_municipio,population,year_census) VALUES ('BOL1936','Caquiaviri',-17.02327,-68.60700,'lp0','11.34',2019);
INSERT INTO municipio(id_department,name,lat,lng,id_municipio,population,year_census) VALUES ('BOL1936','Caranavi',-15.83339,-67.56633,'lp74','46.048',2019);
INSERT INTO municipio(id_department,name,lat,lng,id_municipio,population,year_census) VALUES ('BOL1936','Catacora',-17.16101,-69.48326,'lp14','1.92',2019);
INSERT INTO municipio(id_department,name,lat,lng,id_municipio,population,year_census) VALUES ('BOL1936','Chacarilla',-17.58383,-68.21591,'lp33','2.423',2019);
INSERT INTO municipio(id_department,name,lat,lng,id_municipio,population,year_census) VALUES ('BOL1936','CharaÃƒÆ’Ã‚Â±a',-17.59394,-69.44611,'lp57','4.554',2019);
INSERT INTO municipio(id_department,name,lat,lng,id_municipio,population,year_census) VALUES ('BOL1936','Charazani (Gral.Perez)',-15.17730,-68.99464,'lp39','9.843',2019);
INSERT INTO municipio(id_department,name,lat,lng,id_municipio,population,year_census) VALUES ('BOL1936','Chua Cocani',-16.19346,-68.74886,'lp5','5.241',2019);
INSERT INTO municipio(id_department,name,lat,lng,id_municipio,population,year_census) VALUES ('BOL1936','Chulumani',-16.40936,-67.52573,'lp72','17.425',2019);
INSERT INTO municipio(id_department,name,lat,lng,id_municipio,population,year_census) VALUES ('BOL1936','Chuma',-15.47962,-68.89852,'lp16','10.055',2019);
INSERT INTO municipio(id_department,name,lat,lng,id_municipio,population,year_census) VALUES ('BOL1936','Collana',-16.90468,-68.28423,'lp18','4.141',2019);
INSERT INTO municipio(id_department,name,lat,lng,id_municipio,population,year_census) VALUES ('BOL1936','Colquencha',-16.93129,-68.24875,'lp43','8.59',2019);
INSERT INTO municipio(id_department,name,lat,lng,id_municipio,population,year_census) VALUES ('BOL1936','Colquiri',-17.38768,-67.12868,'lp71','17.68',2019);
INSERT INTO municipio(id_department,name,lat,lng,id_municipio,population,year_census) VALUES ('BOL1936','Comanche',-16.95676,-68.42765,'lp40','5.216',2019);
INSERT INTO municipio(id_department,name,lat,lng,id_municipio,population,year_census) VALUES ('BOL1936','Copacabana',-16.16547,-69.08693,'lp63','13.045',2019);
INSERT INTO municipio(id_department,name,lat,lng,id_municipio,population,year_census) VALUES ('BOL1936','Coripata',-16.31449,-67.60688,'lp60','15.331',2019);
INSERT INTO municipio(id_department,name,lat,lng,id_municipio,population,year_census) VALUES ('BOL1936','Coro Coro',-17.17816,-68.45309,'lp54','9.457',2019);
INSERT INTO municipio(id_department,name,lat,lng,id_municipio,population,year_census) VALUES ('BOL1936','Coroico',-16.18818,-67.72754,'lp61','17.009',2019);
INSERT INTO municipio(id_department,name,lat,lng,id_municipio,population,year_census) VALUES ('BOL1936','Desaguadero',-16.56649,-69.03532,'lp49','7.124',2019);
INSERT INTO municipio(id_department,name,lat,lng,id_municipio,population,year_census) VALUES ('BOL1936','El Alto',-16.49468,-68.17339,'lp76','1010785',2019);
INSERT INTO municipio(id_department,name,lat,lng,id_municipio,population,year_census) VALUES ('BOL1936','Escoma',-15.66179,-69.13120,'lp31','7.326',2019);
INSERT INTO municipio(id_department,name,lat,lng,id_municipio,population,year_census) VALUES ('BOL1936','Guanay',-15.49595,-67.88263,'lp64','13.742',2019);
INSERT INTO municipio(id_department,name,lat,lng,id_municipio,population,year_census) VALUES ('BOL1936','Guaqui',-16.59844,-68.83661,'lp42','7.434',2019);
INSERT INTO municipio(id_department,name,lat,lng,id_municipio,population,year_census) VALUES ('BOL1936','Huarina',-16.19074,-68.60159,'lp6','7.288',2019);
INSERT INTO municipio(id_department,name,lat,lng,id_municipio,population,year_census) VALUES ('BOL1936','Huatajata',-16.21044,-68.69695,'lp15','4.291',2019);
INSERT INTO municipio(id_department,name,lat,lng,id_municipio,population,year_census) VALUES ('BOL1936','Ichoca',-17.13983,-67.18748,'lp13','6.903',2019);
INSERT INTO municipio(id_department,name,lat,lng,id_municipio,population,year_census) VALUES ('BOL1936','Inquisivi',-16.90775,-67.13833,'lp52','12.744',2019);
INSERT INTO municipio(id_department,name,lat,lng,id_municipio,population,year_census) VALUES ('BOL1936','Irupana',-16.46580,-67.45465,'lp65','14.832',2019);
INSERT INTO municipio(id_department,name,lat,lng,id_municipio,population,year_census) VALUES ('BOL1936','Ixiamas',-13.76780,-68.12514,'lp3','9.398',2019);
INSERT INTO municipio(id_department,name,lat,lng,id_municipio,population,year_census) VALUES ('BOL1936','Jesus de Machaca',-16.74425,-68.80724,'lp45','12.613',2019);
INSERT INTO municipio(id_department,name,lat,lng,id_municipio,population,year_census) VALUES ('BOL1936','La Asunta',-16.12434,-67.19462,'lp48','37.677',2019);
INSERT INTO municipio(id_department,name,lat,lng,id_municipio,population,year_census) VALUES ('BOL1936','La Paz',-16.49361,-68.13469,'lp77','901.852',2019);
INSERT INTO municipio(id_department,name,lat,lng,id_municipio,population,year_census) VALUES ('BOL1936','Laja',-16.53653,-68.38552,'lp67','18.536',2019);
INSERT INTO municipio(id_department,name,lat,lng,id_municipio,population,year_census) VALUES ('BOL1936','Licoma (Villa Libertad)',-16.80569,-67.20209,'lp2','3.327',2019);
INSERT INTO municipio(id_department,name,lat,lng,id_municipio,population,year_census) VALUES ('BOL1936','Luribay',-17.06251,-67.66124,'lp19','10.118',2019);
INSERT INTO municipio(id_department,name,lat,lng,id_municipio,population,year_census) VALUES ('BOL1936','Malla',-17.04011,-67.45058,'lp30','3.218',2019);
INSERT INTO municipio(id_department,name,lat,lng,id_municipio,population,year_census) VALUES ('BOL1936','Mapiri',-15.31031,-68.22682,'lp11','14.229',2019);
INSERT INTO municipio(id_department,name,lat,lng,id_municipio,population,year_census) VALUES ('BOL1936','Mecapaca',-16.66569,-68.02766,'lp66','13.395',2019);
INSERT INTO municipio(id_department,name,lat,lng,id_municipio,population,year_census) VALUES ('BOL1936','Mocomoco',-15.45573,-68.99639,'lp8','13.183',2019);
INSERT INTO municipio(id_department,name,lat,lng,id_municipio,population,year_census) VALUES ('BOL1936','Nazacara de Pacajes',-16.93733,-68.76440,'lp7','712',2019);
INSERT INTO municipio(id_department,name,lat,lng,id_municipio,population,year_census) VALUES ('BOL1936','Palca',-16.56094,-67.95281,'lp35','15.326',2019);
INSERT INTO municipio(id_department,name,lat,lng,id_municipio,population,year_census) VALUES ('BOL1936','Palos Blancos',-15.58480,-67.24798,'lp58','23.74',2019);
INSERT INTO municipio(id_department,name,lat,lng,id_municipio,population,year_census) VALUES ('BOL1936','Papel Pampa',-17.81935,-67.76966,'lp4','6.562',2019);
INSERT INTO municipio(id_department,name,lat,lng,id_municipio,population,year_census) VALUES ('BOL1936','Patacamaya',-17.24094,-67.92811,'lp68','21.989',2019);
INSERT INTO municipio(id_department,name,lat,lng,id_municipio,population,year_census) VALUES ('BOL1936','Pelechuco',-14.82021,-69.07021,'lp17','7.126',2019);
INSERT INTO municipio(id_department,name,lat,lng,id_municipio,population,year_census) VALUES ('BOL1936','Pucarani',-16.39927,-68.47748,'lp55','24.802',2019);
INSERT INTO municipio(id_department,name,lat,lng,id_municipio,population,year_census) VALUES ('BOL1936','Puerto Acosta',-15.53298,-69.25221,'lp23','10.655',2019);
INSERT INTO municipio(id_department,name,lat,lng,id_municipio,population,year_census) VALUES ('BOL1936','Puerto Carabuco',-15.75821,-69.06387,'lp9','9.987',2019);
INSERT INTO municipio(id_department,name,lat,lng,id_municipio,population,year_census) VALUES ('BOL1936','Puerto Perez',-16.28486,-68.60104,'lp25','7.609',2019);
INSERT INTO municipio(id_department,name,lat,lng,id_municipio,population,year_census) VALUES ('BOL1936','Quime',-16.98141,-67.21792,'lp50','8.302',2019);
INSERT INTO municipio(id_department,name,lat,lng,id_municipio,population,year_census) VALUES ('BOL1936','San Andres de Machaca',-16.95340,-68.96860,'lp12','5.884',2019);
INSERT INTO municipio(id_department,name,lat,lng,id_municipio,population,year_census) VALUES ('BOL1936','San Buenaventura',-14.43816,-67.53659,'lp56','9.563',2019);
INSERT INTO municipio(id_department,name,lat,lng,id_municipio,population,year_census) VALUES ('BOL1936','San Pedro de Tiquina',-16.22150,-68.85394,'lp53','6.026',2019);
INSERT INTO municipio(id_department,name,lat,lng,id_municipio,population,year_census) VALUES ('BOL1936','Santiago de Huata',-16.05685,-68.81662,'lp26','8.066',2019);
INSERT INTO municipio(id_department,name,lat,lng,id_municipio,population,year_census) VALUES ('BOL1936','Santiago de Machaca',-17.06665,-69.19328,'lp28','4.876',2019);
INSERT INTO municipio(id_department,name,lat,lng,id_municipio,population,year_census) VALUES ('BOL1936','Sapahaqui',-16.88854,-67.94963,'lp32','10.583',2019);
INSERT INTO municipio(id_department,name,lat,lng,id_municipio,population,year_census) VALUES ('BOL1936','Sica Sica',-17.33367,-67.74091,'lp41','21.876',2019);
INSERT INTO municipio(id_department,name,lat,lng,id_municipio,population,year_census) VALUES ('BOL1936','Sorata',-15.77325,-68.64939,'lp47','18.84',2019);
INSERT INTO municipio(id_department,name,lat,lng,id_municipio,population,year_census) VALUES ('BOL1936','Tacacoma',-15.58940,-68.64524,'lp1','7.943',2019);
INSERT INTO municipio(id_department,name,lat,lng,id_municipio,population,year_census) VALUES ('BOL1936','Teoponte',-15.49570,-67.81753,'lp38','8.959',2019);
INSERT INTO municipio(id_department,name,lat,lng,id_municipio,population,year_census) VALUES ('BOL1936','Tiahuanacu',-16.55294,-68.68114,'lp59','10.284',2019);
INSERT INTO municipio(id_department,name,lat,lng,id_municipio,population,year_census) VALUES ('BOL1936','Tipuani',-15.56508,-68.02080,'lp29','8.657',2019);
INSERT INTO municipio(id_department,name,lat,lng,id_municipio,population,year_census) VALUES ('BOL1936','Tito Yupanki',-16.18888,-68.95471,'lp20','2.292',2019);
INSERT INTO municipio(id_department,name,lat,lng,id_municipio,population,year_census) VALUES ('BOL1936','Umala',-17.37332,-68.02143,'lp44','8.559',2019);
INSERT INTO municipio(id_department,name,lat,lng,id_municipio,population,year_census) VALUES ('BOL1936','Viacha',-16.65369,-68.30156,'lp75','87.67',2019);
INSERT INTO municipio(id_department,name,lat,lng,id_municipio,population,year_census) VALUES ('BOL1936','Waldo Ballivian',-17.08282,-68.18626,'lp22','3.788',2019);
INSERT INTO municipio(id_department,name,lat,lng,id_municipio,population,year_census) VALUES ('BOL1936','Yaco',-17.15797,-67.41069,'lp27','7.625',2019);
INSERT INTO municipio(id_department,name,lat,lng,id_municipio,population,year_census) VALUES ('BOL1936','Yanacachi',-16.39054,-67.73526,'lp69','6.233',2019);
INSERT INTO municipio(id_department,name,lat,lng,id_municipio,population,year_census) VALUES ('BOL1937','Antequera (Bolivar)',-18.47112,-66.82584,'or18','3485',2019);
INSERT INTO municipio(id_department,name,lat,lng,id_municipio,population,year_census) VALUES ('BOL1937','Belen de Andamarca',-18.81724,-67.64146,'or6','1575',2019);
INSERT INTO municipio(id_department,name,lat,lng,id_municipio,population,year_census) VALUES ('BOL1937','Caracollo',-17.64325,-67.21271,'or23','21367',2019);
INSERT INTO municipio(id_department,name,lat,lng,id_municipio,population,year_census) VALUES ('BOL1937','Challapata',-18.90082,-66.77469,'or29','32213',2019);
INSERT INTO municipio(id_department,name,lat,lng,id_municipio,population,year_census) VALUES ('BOL1937','Choquecota',-18.09837,-67.89553,'or4','1015',2019);
INSERT INTO municipio(id_department,name,lat,lng,id_municipio,population,year_census) VALUES ('BOL1937','Coipasa',-19.27766,-68.27771,'or3','710',2019);
INSERT INTO municipio(id_department,name,lat,lng,id_municipio,population,year_census) VALUES ('BOL1937','Corque',-18.35102,-67.68188,'or15','7909',2019);
INSERT INTO municipio(id_department,name,lat,lng,id_municipio,population,year_census) VALUES ('BOL1937','Cruz de Machacamarca',-18.77148,-68.31177,'or5','552',2019);
INSERT INTO municipio(id_department,name,lat,lng,id_municipio,population,year_census) VALUES ('BOL1937','Curahuara de Carangas',-17.84235,-68.41005,'or13','4410',2019);
INSERT INTO municipio(id_department,name,lat,lng,id_municipio,population,year_census) VALUES ('BOL1937','El Choro',-18.35734,-67.11562,'or2','3624',2019);
INSERT INTO municipio(id_department,name,lat,lng,id_municipio,population,year_census) VALUES ('BOL1937','Escara',-18.85958,-68.17046,'or8','1596',2019);
INSERT INTO municipio(id_department,name,lat,lng,id_municipio,population,year_census) VALUES ('BOL1937','Esmeralda',-18.84359,-68.28127,'or7','1243',2019);
INSERT INTO municipio(id_department,name,lat,lng,id_municipio,population,year_census) VALUES ('BOL1937','Eucaliptus',-17.59684,-67.50849,'or26','5312',2019);
INSERT INTO municipio(id_department,name,lat,lng,id_municipio,population,year_census) VALUES ('BOL1937','Huachacalla',-18.79346,-68.26226,'or21','1545',2019);
INSERT INTO municipio(id_department,name,lat,lng,id_municipio,population,year_census) VALUES ('BOL1937','La Rivera',-19.00491,-68.63998,'or1','388',2019);
INSERT INTO municipio(id_department,name,lat,lng,id_municipio,population,year_census) VALUES ('BOL1937','Machacamarca',-18.17247,-67.02114,'or28','5591',2019);
INSERT INTO municipio(id_department,name,lat,lng,id_municipio,population,year_census) VALUES ('BOL1937','Oruro',-17.96776,-67.11207,'or31','333651',2019);
INSERT INTO municipio(id_department,name,lat,lng,id_municipio,population,year_census) VALUES ('BOL1937','Pampa Aullagas',-19.19709,-67.06207,'or12','3176',2019);
INSERT INTO municipio(id_department,name,lat,lng,id_municipio,population,year_census) VALUES ('BOL1937','Paria',-17.81732,-67.02172,'or0','0',2019);
INSERT INTO municipio(id_department,name,lat,lng,id_municipio,population,year_census) VALUES ('BOL1937','PazÃƒÆ’Ã‚Â±a',-18.59932,-66.92148,'or14','5668',2019);
INSERT INTO municipio(id_department,name,lat,lng,id_municipio,population,year_census) VALUES ('BOL1937','Poopo',-18.38040,-66.96852,'or24','7168',2019);
INSERT INTO municipio(id_department,name,lat,lng,id_municipio,population,year_census) VALUES ('BOL1937','Sabaya',-19.01571,-68.37267,'or27','6519',2019);
INSERT INTO municipio(id_department,name,lat,lng,id_municipio,population,year_census) VALUES ('BOL1937','Salinas de Garci Mendoza',-19.63843,-67.67634,'or20','10216',2019);
INSERT INTO municipio(id_department,name,lat,lng,id_municipio,population,year_census) VALUES ('BOL1937','San Pedro de Totora',-17.79367,-68.14608,'or10','4901',2019);
INSERT INTO municipio(id_department,name,lat,lng,id_municipio,population,year_census) VALUES ('BOL1937','Santiago de Andamarca',-18.77879,-67.50833,'or17','4520',2019);
INSERT INTO municipio(id_department,name,lat,lng,id_municipio,population,year_census) VALUES ('BOL1937','Santiago de Huari',-19.01218,-66.77701,'or25','10417',2019);
INSERT INTO municipio(id_department,name,lat,lng,id_municipio,population,year_census) VALUES ('BOL1937','Santiago de Huayllamarca',-17.84099,-67.94584,'or11','4762',2019);
INSERT INTO municipio(id_department,name,lat,lng,id_municipio,population,year_census) VALUES ('BOL1937','Santuario de Quillacas',-19.23317,-66.94241,'or19','4027',2019);
INSERT INTO municipio(id_department,name,lat,lng,id_municipio,population,year_census) VALUES ('BOL1937','Toledo',-18.18180,-67.40700,'or22','6654',2019);
INSERT INTO municipio(id_department,name,lat,lng,id_municipio,population,year_census) VALUES ('BOL1937','Turco',-18.18072,-68.19356,'or16','3398',2019);
INSERT INTO municipio(id_department,name,lat,lng,id_municipio,population,year_census) VALUES ('BOL1937','Villa Huanuni',-18.28780,-66.83995,'or30','25762',2019);
INSERT INTO municipio(id_department,name,lat,lng,id_municipio,population,year_census) VALUES ('BOL1937','Yunguyo del Litoral',-18.85342,-68.32075,'or9','548',2019);
INSERT INTO municipio(id_department,name,lat,lng,id_municipio,population,year_census) VALUES ('BOL1938','Bella Flor',-11.12408,-67.79154,'pa8','3379',2019);
INSERT INTO municipio(id_department,name,lat,lng,id_municipio,population,year_census) VALUES ('BOL1938','Bolpebra (Mukden)',-10.94469,-69.56731,'pa6','1944',2019);
INSERT INTO municipio(id_department,name,lat,lng,id_municipio,population,year_census) VALUES ('BOL1938','Cobija',-11.02481,-68.76113,'pa13','83518',2019);
INSERT INTO municipio(id_department,name,lat,lng,id_municipio,population,year_census) VALUES ('BOL1938','El Sena',-11.48295,-67.24579,'pa7','7281',2019);
INSERT INTO municipio(id_department,name,lat,lng,id_municipio,population,year_census) VALUES ('BOL1938','Filadelfia',-11.34723,-68.76256,'pa2','7269',2019);
INSERT INTO municipio(id_department,name,lat,lng,id_municipio,population,year_census) VALUES ('BOL1938','Ingavi (Humaita)',-10.81628,-66.44920,'pa0','2162',2019);
INSERT INTO municipio(id_department,name,lat,lng,id_municipio,population,year_census) VALUES ('BOL1938','Nuevo Manoa (Nueva Esperanza)',-10.05920,-65.33857,'pa3','1576',2019);
INSERT INTO municipio(id_department,name,lat,lng,id_municipio,population,year_census) VALUES ('BOL1938','Porvenir',-11.23747,-68.68771,'pa9','7140',2019);
INSERT INTO municipio(id_department,name,lat,lng,id_municipio,population,year_census) VALUES ('BOL1938','Puerto Gonzalo Moreno',-11.08663,-66.16704,'pa11','6628',2019);
INSERT INTO municipio(id_department,name,lat,lng,id_municipio,population,year_census) VALUES ('BOL1938','Puerto Rico',-11.10464,-0.06756,'pa12','9912',2019);
INSERT INTO municipio(id_department,name,lat,lng,id_municipio,population,year_census) VALUES ('BOL1938','San Lorenzo',-11.88829,-66.97922,'pa10','8345',2019);
INSERT INTO municipio(id_department,name,lat,lng,id_municipio,population,year_census) VALUES ('BOL1938','San Pedro (Conquista)',-10.82506,-66.18452,'pa5','1614',2019);
INSERT INTO municipio(id_department,name,lat,lng,id_municipio,population,year_census) VALUES ('BOL1938','Santa Rosa del Abuna',-10.61988,-67.44761,'pa4','2473',2019);
INSERT INTO municipio(id_department,name,lat,lng,id_municipio,population,year_census) VALUES ('BOL1938','Santos Mercado',-10.49456,-66.21224,'pa14','2439',2019);
INSERT INTO municipio(id_department,name,lat,lng,id_municipio,population,year_census) VALUES ('BOL1938','Villa Nueva (Loma Alta)',-10.78819,-65.96515,'pa1','2932',2019);
INSERT INTO municipio(id_department,name,lat,lng,id_municipio,population,year_census) VALUES ('BOL1939','Acasio',-18.02406,-66.05741,'po4','5704',2019);
INSERT INTO municipio(id_department,name,lat,lng,id_municipio,population,year_census) VALUES ('BOL1939','Arampampa',-17.87490,-66.07960,'po3','4821',2019);
INSERT INTO municipio(id_department,name,lat,lng,id_municipio,population,year_census) VALUES ('BOL1939','Atocha',-20.93223,-66.21940,'po30','12444',2019);
INSERT INTO municipio(id_department,name,lat,lng,id_municipio,population,year_census) VALUES ('BOL1939','Belen de Urmiri',-19.38565,-66.06428,'po2','2107',2019);
INSERT INTO municipio(id_department,name,lat,lng,id_municipio,population,year_census) VALUES ('BOL1939','Betanzos',-19.55289,-65.45286,'po32','32487',2019);
INSERT INTO municipio(id_department,name,lat,lng,id_municipio,population,year_census) VALUES ('BOL1939','Caiza "D"',-20.00728,-65.65443,'po26','10567',2019);
INSERT INTO municipio(id_department,name,lat,lng,id_municipio,population,year_census) VALUES ('BOL1939','Caripuyo',-18.23222,-66.47290,'po5','9326',2019);
INSERT INTO municipio(id_department,name,lat,lng,id_municipio,population,year_census) VALUES ('BOL1939','Chaqui',-19.58831,-65.56111,'po8','8768',2019);
INSERT INTO municipio(id_department,name,lat,lng,id_municipio,population,year_census) VALUES ('BOL1939','Chayanta',-18.46120,-66.44217,'po23','16219',2019);
INSERT INTO municipio(id_department,name,lat,lng,id_municipio,population,year_census) VALUES ('BOL1939','Chuquihuta',-18.59198,-66.36799,'po11','8272',2019);
INSERT INTO municipio(id_department,name,lat,lng,id_municipio,population,year_census) VALUES ('BOL1939','Ckochas',-19.63753,-65.27482,'po10','16363',2019);
INSERT INTO municipio(id_department,name,lat,lng,id_municipio,population,year_census) VALUES ('BOL1939','Colcha"K" (V.Martin)',-20.74023,-67.66015,'po35','12803',2019);
INSERT INTO municipio(id_department,name,lat,lng,id_municipio,population,year_census) VALUES ('BOL1939','Colquechaca',-18.69707,-66.00217,'po20','35614',2019);
INSERT INTO municipio(id_department,name,lat,lng,id_municipio,population,year_census) VALUES ('BOL1939','Cotagaita',-20.81555,-65.65849,'po31','26211',2019);
INSERT INTO municipio(id_department,name,lat,lng,id_municipio,population,year_census) VALUES ('BOL1939','Llallagua',-18.42308,-66.58348,'po38','48474',2019);
INSERT INTO municipio(id_department,name,lat,lng,id_municipio,population,year_census) VALUES ('BOL1939','Llica',-19.85191,-68.24814,'po15','4301',2019);
INSERT INTO municipio(id_department,name,lat,lng,id_municipio,population,year_census) VALUES ('BOL1939','Mojinete',-21.76525,-66.24114,'po0','889',2019);
INSERT INTO municipio(id_department,name,lat,lng,id_municipio,population,year_census) VALUES ('BOL1939','Ocuri',-18.84171,-65.79571,'po25','15948',2019);
INSERT INTO municipio(id_department,name,lat,lng,id_municipio,population,year_census) VALUES ('BOL1939','Pocoata',-18.69971,-66.16170,'po24','25711',2019);
INSERT INTO municipio(id_department,name,lat,lng,id_municipio,population,year_census) VALUES ('BOL1939','Porco',-19.79820,-65.98876,'po18','12456',2019);
INSERT INTO municipio(id_department,name,lat,lng,id_municipio,population,year_census) VALUES ('BOL1939','Potosi',-19.58059,-65.75423,'po39','255200',2019);
INSERT INTO municipio(id_department,name,lat,lng,id_municipio,population,year_census) VALUES ('BOL1939','Puna',-19.79541,-65.50644,'po29','20203',2019);
INSERT INTO municipio(id_department,name,lat,lng,id_municipio,population,year_census) VALUES ('BOL1939','Ravelo',-18.80656,-65.51160,'po16','18709',2019);
INSERT INTO municipio(id_department,name,lat,lng,id_municipio,population,year_census) VALUES ('BOL1939','Sacaca',-18.06827,-66.38360,'po7','19637',2019);
INSERT INTO municipio(id_department,name,lat,lng,id_municipio,population,year_census) VALUES ('BOL1939','San Agustin',-21.15486,-67.67832,'po19','2072',2019);
INSERT INTO municipio(id_department,name,lat,lng,id_municipio,population,year_census) VALUES ('BOL1939','San Antonio de Esmoruco',-21.94807,-66.51683,'po1','2328',2019);
INSERT INTO municipio(id_department,name,lat,lng,id_municipio,population,year_census) VALUES ('BOL1939','San Pablo de Lipez',-21.68604,-66.61595,'po6','3419',2019);
INSERT INTO municipio(id_department,name,lat,lng,id_municipio,population,year_census) VALUES ('BOL1939','San Pedro de Buena Vista',-18.27011,-65.98014,'po17','28962',2019);
INSERT INTO municipio(id_department,name,lat,lng,id_municipio,population,year_census) VALUES ('BOL1939','San Pedro de Quemes',-20.74650,-68.04877,'po9','776',2019);
INSERT INTO municipio(id_department,name,lat,lng,id_municipio,population,year_census) VALUES ('BOL1939','Tacobamba',-19.20701,-65.55647,'po14','9483',2019);
INSERT INTO municipio(id_department,name,lat,lng,id_municipio,population,year_census) VALUES ('BOL1939','Tahua',-19.88977,-67.69296,'po22','1773',2019);
INSERT INTO municipio(id_department,name,lat,lng,id_municipio,population,year_census) VALUES ('BOL1939','Tinquipaya',-19.22198,-65.82065,'po12','23261',2019);
INSERT INTO municipio(id_department,name,lat,lng,id_municipio,population,year_census) VALUES ('BOL1939','Tomave',-20.06503,-66.53147,'po27','13331',2019);
INSERT INTO municipio(id_department,name,lat,lng,id_municipio,population,year_census) VALUES ('BOL1939','Toro Toro',-18.13356,-65.76133,'po21','12084',2019);
INSERT INTO municipio(id_department,name,lat,lng,id_municipio,population,year_census) VALUES ('BOL1939','Tupiza',-21.44134,-65.72002,'po36','50045',2019);
INSERT INTO municipio(id_department,name,lat,lng,id_municipio,population,year_census) VALUES ('BOL1939','Uncia',-18.46647,-66.56839,'po34','22153',2019);
INSERT INTO municipio(id_department,name,lat,lng,id_municipio,population,year_census) VALUES ('BOL1939','Uyuni (Thola Pampa)',-20.46039,-66.82341,'po33','36198',2019);
INSERT INTO municipio(id_department,name,lat,lng,id_municipio,population,year_census) VALUES ('BOL1939','Villazon',-22.09018,-65.59653,'po37','45734',2019);
INSERT INTO municipio(id_department,name,lat,lng,id_municipio,population,year_census) VALUES ('BOL1939','Vitichi',-20.20760,-65.49290,'po28','9291',2019);
INSERT INTO municipio(id_department,name,lat,lng,id_municipio,population,year_census) VALUES ('BOL1939','Yocalla',-19.39134,-65.90550,'po13','7617',2019);
INSERT INTO municipio(id_department,name,lat,lng,id_municipio,population,year_census) VALUES ('BOL1940','Guarayos',-15.89176,-63.18996,'sc14','55946',2019);
INSERT INTO municipio(id_department,name,lat,lng,id_municipio,population,year_census) VALUES ('BOL1940','Cordillera',-20.44531,-63.28065,'sc6','138515',2019);
INSERT INTO municipio(id_department,name,lat,lng,id_municipio,population,year_census) VALUES ('BOL1940','Ichilo',-17.45931,-63.65992,'sc3','107012',2019);
INSERT INTO municipio(id_department,name,lat,lng,id_municipio,population,year_census) VALUES ('BOL1940','Manuel Maria Caballero',-17.91549,-64.52692,'sc12','26557',2019);
INSERT INTO municipio(id_department,name,lat,lng,id_municipio,population,year_census) VALUES ('BOL1940','Andrés Ibañez',-17.75416,-62.99634,'sc0','2051199',2019);
INSERT INTO municipio(id_department,name,lat,lng,id_municipio,population,year_census) VALUES ('BOL1940','Obispo Santiestevan',-17.11875,-63.23133,'sc9','216171',2019);
INSERT INTO municipio(id_department,name,lat,lng,id_municipio,population,year_census) VALUES ('BOL1940','German Busch',-18.96456,-57.79763,'sc13','48209',2019);
INSERT INTO municipio(id_department,name,lat,lng,id_municipio,population,year_census) VALUES ('BOL1940','Chiquitos',-18.33235,-59.75689,'sc4','92527',2019);
INSERT INTO municipio(id_department,name,lat,lng,id_municipio,population,year_census) VALUES ('BOL1940','Florida',-18.17905,-63.87709,'sc8','34808',2019);
INSERT INTO municipio(id_department,name,lat,lng,id_municipio,population,year_census) VALUES ('BOL1940','Velasco',-16.37538,-60.96194,'sc2','84751',2019);
INSERT INTO municipio(id_department,name,lat,lng,id_municipio,population,year_census) VALUES ('BOL1940','Ñuflo de Chávez',-16.27416,-62.50438,'sc10','137437',2019);
INSERT INTO municipio(id_department,name,lat,lng,id_municipio,population,year_census) VALUES ('BOL1940','Provincia Angel Sandoval',-16.36148,-58.40107,'sc11','17208',2019);
INSERT INTO municipio(id_department,name,lat,lng,id_municipio,population,year_census) VALUES ('BOL1940','Vallegrande',-18.48867,-64.10565,'sc7','26330',2019);
INSERT INTO municipio(id_department,name,lat,lng,id_municipio,population,year_census) VALUES ('BOL1940','Warnes',-17.50908,-63.16439,'sc1','143415',2019);
INSERT INTO municipio(id_department,name,lat,lng,id_municipio,population,year_census) VALUES ('BOL1941','Bermejo',-22.73307,-64.34246,'tj8','41673',2019);
INSERT INTO municipio(id_department,name,lat,lng,id_municipio,population,year_census) VALUES ('BOL1941','Carapari',-21.82782,-63.74239,'tj5','16022',2019);
INSERT INTO municipio(id_department,name,lat,lng,id_municipio,population,year_census) VALUES ('BOL1941','Entre Rios (La Moreta)',-21.52658,-64.17142,'tj3','23449',2019);
INSERT INTO municipio(id_department,name,lat,lng,id_municipio,population,year_census) VALUES ('BOL1941','Padcaya',-21.88223,-64.70914,'tj4','18803',2019);
INSERT INTO municipio(id_department,name,lat,lng,id_municipio,population,year_census) VALUES ('BOL1941','Tarija',-21.53162,-64.73291,'tj10','256723',2019);
INSERT INTO municipio(id_department,name,lat,lng,id_municipio,population,year_census) VALUES ('BOL1941','Tomayapo (El Puente)',-21.23139,-65.20605,'tj1','11735',2019);
INSERT INTO municipio(id_department,name,lat,lng,id_municipio,population,year_census) VALUES ('BOL1941','Uriondo',-21.69722,-64.66320,'tj2','15654',2019);
INSERT INTO municipio(id_department,name,lat,lng,id_municipio,population,year_census) VALUES ('BOL1941','Villa San Lorenzo',-21.41530,-64.74886,'tj6','24691',2019);
INSERT INTO municipio(id_department,name,lat,lng,id_municipio,population,year_census) VALUES ('BOL1941','Villamontes',-21.26020,-63.47485,'tj7','51569',2019);
INSERT INTO municipio(id_department,name,lat,lng,id_municipio,population,year_census) VALUES ('BOL1941','Yacuiba',-22.01282,-63.67748,'tj9','106653',2019);
INSERT INTO municipio(id_department,name,lat,lng,id_municipio,population,year_census) VALUES ('BOL1941','Yunchara',-21.82160,-65.22956,'tj0','5851',2019);
-- Insert Beni

INSERT INTO day_department(id_department,date,actives,deaths,recovered,new_cases,vaccine,tx_date,tx_host,tx_update) VALUES ('BOL1293','2021-04-14',6898,206,0,91,0,NOW(),'192.168.1.9',NOW());
INSERT INTO day_department(id_department,date,actives,deaths,recovered,new_cases,vaccine,tx_date,tx_host,tx_update) VALUES ('BOL1293','2021-04-13',6807,200,0,147,0,NOW(),'192.168.1.8',NOW());
INSERT INTO day_department(id_department,date,actives,deaths,recovered,new_cases,vaccine,tx_date,tx_host,tx_update) VALUES ('BOL1293','2021-04-12',6660,192,0,98,0,NOW(),'192.168.1.7',NOW());
INSERT INTO day_department(id_department,date,actives,deaths,recovered,new_cases,vaccine,tx_date,tx_host,tx_update) VALUES ('BOL1293','2021-04-11',6562,186,0,78,0,NOW(),'192.168.1.6',NOW());
INSERT INTO day_department(id_department,date,actives,deaths,recovered,new_cases,vaccine,tx_date,tx_host,tx_update) VALUES ('BOL1293','2021-04-10',6484,184,0,82,0,NOW(),'192.168.1.5',NOW());
INSERT INTO day_department(id_department,date,actives,deaths,recovered,new_cases,vaccine,tx_date,tx_host,tx_update) VALUES ('BOL1293','2021-04-09',6402,180,0,98,0,NOW(),'192.168.1.4',NOW());
INSERT INTO day_department(id_department,date,actives,deaths,recovered,new_cases,vaccine,tx_date,tx_host,tx_update) VALUES ('BOL1293','2021-04-08',6304,179,0,99,0,NOW(),'192.168.1.3',NOW());
INSERT INTO day_department(id_department,date,actives,deaths,recovered,new_cases,vaccine,tx_date,tx_host,tx_update) VALUES ('BOL1293','2021-04-07',6205,179,0,71,0,NOW(),'192.168.1.2',NOW());
INSERT INTO day_department(id_department,date,actives,deaths,recovered,new_cases,vaccine,tx_date,tx_host,tx_update) VALUES ('BOL1293','2021-04-06',6134,178,0,127,0,NOW(),'192.168.1.1',NOW());
INSERT INTO day_department(id_department,date,actives,deaths,recovered,new_cases,vaccine,tx_date,tx_host,tx_update) VALUES ('BOL1293','2021-04-05',6007,177,0,90,0,NOW(),'192.168.1.0',NOW());
INSERT INTO day_department(id_department,date,actives,deaths,recovered,new_cases,vaccine,tx_date,tx_host,tx_update) VALUES ('BOL1293','2021-04-04',5917,173,0,48,0,NOW(),'192.168.1.1',NOW());
INSERT INTO day_department(id_department,date,actives,deaths,recovered,new_cases,vaccine,tx_date,tx_host,tx_update) VALUES ('BOL1293','2021-04-03',5669,170,0,40,0,NOW(),'192.168.1.2',NOW());
INSERT INTO day_department(id_department,date,actives,deaths,recovered,new_cases,vaccine,tx_date,tx_host,tx_update) VALUES ('BOL1293','2021-04-02',5859,167,0,96,0,NOW(),'192.168.1.3',NOW());
INSERT INTO day_department(id_department,date,actives,deaths,recovered,new_cases,vaccine,tx_date,tx_host,tx_update) VALUES ('BOL1293','2021-04-01',5733,160,0,63,0,NOW(),'192.168.1.4',NOW());
INSERT INTO day_department(id_department,date,actives,deaths,recovered,new_cases,vaccine,tx_date,tx_host,tx_update) VALUES ('BOL1293','2021-03-31',5670,157,0,118,5061,NOW(),'192.168.1.5',NOW());
INSERT INTO day_department(id_department,date,actives,deaths,recovered,new_cases,vaccine,tx_date,tx_host,tx_update) VALUES ('BOL1293','2021-03-30',5552,156,0,97,4826,NOW(),'192.168.1.5',NOW());
INSERT INTO day_department(id_department,date,actives,deaths,recovered,new_cases,vaccine,tx_date,tx_host,tx_update) VALUES ('BOL1293','2020-03-11',1,0,0,0,0,NOW(),'192.168.1.5',NOW());
INSERT INTO day_department(id_department,date,actives,deaths,recovered,new_cases,vaccine,tx_date,tx_host,tx_update) VALUES ('BOL1293','2020-03-11',0,0,0,0,0,NOW(),'192.168.1.5',NOW());
INSERT INTO day_department(id_department,date,actives,deaths,recovered,new_cases,vaccine,tx_date,tx_host,tx_update) VALUES ('BOL1293','2020-03-11',0,0,0,0,0,NOW(),'192.168.1.5',NOW());
INSERT INTO day_department(id_department,date,actives,deaths,recovered,new_cases,vaccine,tx_date,tx_host,tx_update) VALUES ('BOL1293','2020-03-11',2,0,0,0,0,NOW(),'192.168.1.5',NOW());
INSERT INTO day_department(id_department,date,actives,deaths,recovered,new_cases,vaccine,tx_date,tx_host,tx_update) VALUES ('BOL1293','2020-03-11',0,0,0,0,0,NOW(),'192.168.1.5',NOW());
INSERT INTO day_department(id_department,date,actives,deaths,recovered,new_cases,vaccine,tx_date,tx_host,tx_update) VALUES ('BOL1293','2021-03-29',5455,151,0,119,4537,NOW(),'192.168.1.5',NOW());
INSERT INTO day_department(id_department,date,actives,deaths,recovered,new_cases,vaccine,tx_date,tx_host,tx_update) VALUES ('BOL1293','2021-03-28',5336,150,0,33,4185,NOW(),'192.168.1.5',NOW());
INSERT INTO day_department(id_department,date,actives,deaths,recovered,new_cases,vaccine,tx_date,tx_host,tx_update) VALUES ('BOL1293','2021-03-27',5303,147,0,106,4095,NOW(),'192.168.1.5',NOW());
INSERT INTO day_department(id_department,date,actives,deaths,recovered,new_cases,vaccine,tx_date,tx_host,tx_update) VALUES ('BOL1293','2021-03-26',5197,147,0,73,0,NOW(),'192.168.1.5',NOW());
INSERT INTO day_department(id_department,date,actives,deaths,recovered,new_cases,vaccine,tx_date,tx_host,tx_update) VALUES ('BOL1293','2021-03-25',5124,147,0,92,2792,NOW(),'192.168.1.5',NOW());
INSERT INTO day_department(id_department,date,actives,deaths,recovered,new_cases,vaccine,tx_date,tx_host,tx_update) VALUES ('BOL1293','2021-03-24',5032,145,0,118,0,NOW(),'192.168.1.5',NOW());
INSERT INTO day_department(id_department,date,actives,deaths,recovered,new_cases,vaccine,tx_date,tx_host,tx_update) VALUES ('BOL1293','2021-03-23',4914,143,0,116,823,NOW(),'192.168.1.5',NOW());
INSERT INTO day_department(id_department,date,actives,deaths,recovered,new_cases,vaccine,tx_date,tx_host,tx_update) VALUES ('BOL1293','2021-03-22',4798,139,0,46,823,NOW(),'192.168.1.5',NOW());
INSERT INTO day_department(id_department,date,actives,deaths,recovered,new_cases,vaccine,tx_date,tx_host,tx_update) VALUES ('BOL1293','2021-03-21',4752,138,0,21,0,NOW(),'192.168.1.5',NOW());
INSERT INTO day_department(id_department,date,actives,deaths,recovered,new_cases,vaccine,tx_date,tx_host,tx_update) VALUES ('BOL1293','2021-03-20',4731,135,0,62,645,NOW(),'192.168.1.5',NOW());
INSERT INTO day_department(id_department,date,actives,deaths,recovered,new_cases,vaccine,tx_date,tx_host,tx_update) VALUES ('BOL1293','2021-03-19',4669,134,0,84,597,NOW(),'192.168.1.5',NOW());
INSERT INTO day_department(id_department,date,actives,deaths,recovered,new_cases,vaccine,tx_date,tx_host,tx_update) VALUES ('BOL1293','2021-03-18',4585,134,0,68,597,NOW(),'192.168.1.5',NOW());
INSERT INTO day_department(id_department,date,actives,deaths,recovered,new_cases,vaccine,tx_date,tx_host,tx_update) VALUES ('BOL1293','2021-03-17',4517,131,0,169,594,NOW(),'192.168.1.5',NOW());
INSERT INTO day_department(id_department,date,actives,deaths,recovered,new_cases,vaccine,tx_date,tx_host,tx_update) VALUES ('BOL1293','2021-03-16',4348,130,0,79,0,NOW(),'192.168.1.5',NOW());
INSERT INTO day_department(id_department,date,actives,deaths,recovered,new_cases,vaccine,tx_date,tx_host,tx_update) VALUES ('BOL1293','2021-03-15',4269,127,0,22,550,NOW(),'192.168.1.5',NOW());
INSERT INTO day_department(id_department,date,actives,deaths,recovered,new_cases,vaccine,tx_date,tx_host,tx_update) VALUES ('BOL1293','2021-03-14',4247,127,0,31,0,NOW(),'192.168.1.5',NOW());
INSERT INTO day_department(id_department,date,actives,deaths,recovered,new_cases,vaccine,tx_date,tx_host,tx_update) VALUES ('BOL1293','2021-03-13',4216,127,0,42,0,NOW(),'192.168.1.5',NOW());
INSERT INTO day_department(id_department,date,actives,deaths,recovered,new_cases,vaccine,tx_date,tx_host,tx_update) VALUES ('BOL1293','2021-03-12',4174,125,0,55,0,NOW(),'192.168.1.5',NOW());
INSERT INTO day_department(id_department,date,actives,deaths,recovered,new_cases,vaccine,tx_date,tx_host,tx_update) VALUES ('BOL1293','2021-03-11',4119,125,0,38,0,NOW(),'192.168.1.5',NOW());
INSERT INTO day_department(id_department,date,actives,deaths,recovered,new_cases,vaccine,tx_date,tx_host,tx_update) VALUES ('BOL1293','2021-03-10',4081,123,0,31,0,NOW(),'192.168.1.5',NOW());
INSERT INTO day_department(id_department,date,actives,deaths,recovered,new_cases,vaccine,tx_date,tx_host,tx_update) VALUES ('BOL1293','2021-03-09',4050,123,0,39,0,NOW(),'192.168.1.5',NOW());
INSERT INTO day_department(id_department,date,actives,deaths,recovered,new_cases,vaccine,tx_date,tx_host,tx_update) VALUES ('BOL1293','2021-03-08',4011,123,0,11,0,NOW(),'192.168.1.5',NOW());
INSERT INTO day_department(id_department,date,actives,deaths,recovered,new_cases,vaccine,tx_date,tx_host,tx_update) VALUES ('BOL1293','2021-03-07',4000,123,0,9,0,NOW(),'192.168.1.5',NOW());
INSERT INTO day_department(id_department,date,actives,deaths,recovered,new_cases,vaccine,tx_date,tx_host,tx_update) VALUES ('BOL1293','2021-03-06',3991,123,0,24,0,NOW(),'192.168.1.5',NOW());
INSERT INTO day_department(id_department,date,actives,deaths,recovered,new_cases,vaccine,tx_date,tx_host,tx_update) VALUES ('BOL1293','2021-03-05',3967,122,0,10,0,NOW(),'192.168.1.5',NOW());
INSERT INTO day_department(id_department,date,actives,deaths,recovered,new_cases,vaccine,tx_date,tx_host,tx_update) VALUES ('BOL1293','2021-03-04',3957,122,0,12,0,NOW(),'192.168.1.5',NOW());
INSERT INTO day_department(id_department,date,actives,deaths,recovered,new_cases,vaccine,tx_date,tx_host,tx_update) VALUES ('BOL1293','2021-03-03',3945,120,0,19,0,NOW(),'192.168.1.5',NOW());
INSERT INTO day_department(id_department,date,actives,deaths,recovered,new_cases,vaccine,tx_date,tx_host,tx_update) VALUES ('BOL1293','2021-03-02',3926,121,0,27,0,NOW(),'192.168.1.5',NOW());
INSERT INTO day_department(id_department,date,actives,deaths,recovered,new_cases,vaccine,tx_date,tx_host,tx_update) VALUES ('BOL1293','2021-03-01',3899,119,0,25,0,NOW(),'192.168.1.5',NOW());
INSERT INTO day_department(id_department,date,actives,deaths,recovered,new_cases,vaccine,tx_date,tx_host,tx_update) VALUES ('BOL1293','2021-02-28',3874,116,0,8,0,NOW(),'192.168.1.5',NOW());
INSERT INTO day_department(id_department,date,actives,deaths,recovered,new_cases,vaccine,tx_date,tx_host,tx_update) VALUES ('BOL1293','2021-02-27',3866,116,0,20,0,NOW(),'192.168.1.5',NOW());
INSERT INTO day_department(id_department,date,actives,deaths,recovered,new_cases,vaccine,tx_date,tx_host,tx_update) VALUES ('BOL1293','2021-02-26',3846,116,0,21,0,NOW(),'192.168.1.5',NOW());
INSERT INTO day_department(id_department,date,actives,deaths,recovered,new_cases,vaccine,tx_date,tx_host,tx_update) VALUES ('BOL1293','2021-02-25',3825,113,0,27,0,NOW(),'192.168.1.5',NOW());
INSERT INTO day_department(id_department,date,actives,deaths,recovered,new_cases,vaccine,tx_date,tx_host,tx_update) VALUES ('BOL1293','2021-02-24',3798,112,0,35,0,NOW(),'192.168.1.5',NOW());
INSERT INTO day_department(id_department,date,actives,deaths,recovered,new_cases,vaccine,tx_date,tx_host,tx_update) VALUES ('BOL1293','2021-02-23',3763,110,0,37,0,NOW(),'192.168.1.5',NOW());
INSERT INTO day_department(id_department,date,actives,deaths,recovered,new_cases,vaccine,tx_date,tx_host,tx_update) VALUES ('BOL1293','2021-02-22',3726,110,0,15,0,NOW(),'192.168.1.5',NOW());
INSERT INTO day_department(id_department,date,actives,deaths,recovered,new_cases,vaccine,tx_date,tx_host,tx_update) VALUES ('BOL1293','2021-02-21',3711,108,0,5,0,NOW(),'192.168.1.5',NOW());
INSERT INTO day_department(id_department,date,actives,deaths,recovered,new_cases,vaccine,tx_date,tx_host,tx_update) VALUES ('BOL1293','2021-02-20',3706,107,0,46,0,NOW(),'192.168.1.5',NOW());
INSERT INTO day_department(id_department,date,actives,deaths,recovered,new_cases,vaccine,tx_date,tx_host,tx_update) VALUES ('BOL1293','2021-02-19',3660,106,0,20,0,NOW(),'192.168.1.5',NOW());
INSERT INTO day_department(id_department,date,actives,deaths,recovered,new_cases,vaccine,tx_date,tx_host,tx_update) VALUES ('BOL1293','2021-02-18',3640,106,0,29,0,NOW(),'192.168.1.5',NOW());
INSERT INTO day_department(id_department,date,actives,deaths,recovered,new_cases,vaccine,tx_date,tx_host,tx_update) VALUES ('BOL1293','2021-02-17',3611,103,0,6,0,NOW(),'192.168.1.5',NOW());
INSERT INTO day_department(id_department,date,actives,deaths,recovered,new_cases,vaccine,tx_date,tx_host,tx_update) VALUES ('BOL1293','2021-02-16',3605,98,0,7,0,NOW(),'192.168.1.5',NOW());
INSERT INTO day_department(id_department,date,actives,deaths,recovered,new_cases,vaccine,tx_date,tx_host,tx_update) VALUES ('BOL1293','2021-02-15',3598,98,0,0,0,NOW(),'192.168.1.5',NOW());
INSERT INTO day_department(id_department,date,actives,deaths,recovered,new_cases,vaccine,tx_date,tx_host,tx_update) VALUES ('BOL1293','2021-02-14',3598,98,0,10,0,NOW(),'192.168.1.5',NOW());
INSERT INTO day_department(id_department,date,actives,deaths,recovered,new_cases,vaccine,tx_date,tx_host,tx_update) VALUES ('BOL1293','2021-02-13',3588,96,0,27,0,NOW(),'192.168.1.5',NOW());
INSERT INTO day_department(id_department,date,actives,deaths,recovered,new_cases,vaccine,tx_date,tx_host,tx_update) VALUES ('BOL1293','2021-02-12',3561,94,0,24,0,NOW(),'192.168.1.5',NOW());
INSERT INTO day_department(id_department,date,actives,deaths,recovered,new_cases,vaccine,tx_date,tx_host,tx_update) VALUES ('BOL1293','2021-02-11',3537,91,0,23,0,NOW(),'192.168.1.5',NOW());
INSERT INTO day_department(id_department,date,actives,deaths,recovered,new_cases,vaccine,tx_date,tx_host,tx_update) VALUES ('BOL1293','2021-02-10',3514,91,0,43,0,NOW(),'192.168.1.5',NOW());
INSERT INTO day_department(id_department,date,actives,deaths,recovered,new_cases,vaccine,tx_date,tx_host,tx_update) VALUES ('BOL1293','2021-02-09',3471,83,0,38,0,NOW(),'192.168.1.5',NOW());
INSERT INTO day_department(id_department,date,actives,deaths,recovered,new_cases,vaccine,tx_date,tx_host,tx_update) VALUES ('BOL1293','2021-02-08',3433,83,0,6,0,NOW(),'192.168.1.5',NOW());
INSERT INTO day_department(id_department,date,actives,deaths,recovered,new_cases,vaccine,tx_date,tx_host,tx_update) VALUES ('BOL1293','2021-02-07',3427,80,0,14,0,NOW(),'192.168.1.5',NOW());
INSERT INTO day_department(id_department,date,actives,deaths,recovered,new_cases,vaccine,tx_date,tx_host,tx_update) VALUES ('BOL1293','2021-02-06',3413,76,0,28,0,NOW(),'192.168.1.5',NOW());
INSERT INTO day_department(id_department,date,actives,deaths,recovered,new_cases,vaccine,tx_date,tx_host,tx_update) VALUES ('BOL1293','2021-02-05',3385,74,0,60,0,NOW(),'192.168.1.5',NOW());
INSERT INTO day_department(id_department,date,actives,deaths,recovered,new_cases,vaccine,tx_date,tx_host,tx_update) VALUES ('BOL1293','2021-02-04',3325,71,0,77,0,NOW(),'192.168.1.5',NOW());
INSERT INTO day_department(id_department,date,actives,deaths,recovered,new_cases,vaccine,tx_date,tx_host,tx_update) VALUES ('BOL1293','2021-02-03',3248,67,0,48,0,NOW(),'192.168.1.5',NOW());
INSERT INTO day_department(id_department,date,actives,deaths,recovered,new_cases,vaccine,tx_date,tx_host,tx_update) VALUES ('BOL1293','2021-02-02',3200,64,0,61,0,NOW(),'192.168.1.5',NOW());
INSERT INTO day_department(id_department,date,actives,deaths,recovered,new_cases,vaccine,tx_date,tx_host,tx_update) VALUES ('BOL1293','2021-02-01',3139,59,0,28,0,NOW(),'192.168.1.5',NOW());
INSERT INTO day_department(id_department,date,actives,deaths,recovered,new_cases,vaccine,tx_date,tx_host,tx_update) VALUES ('BOL1293','2021-01-31',3111,55,0,27,0,NOW(),'192.168.1.5',NOW());
INSERT INTO day_department(id_department,date,actives,deaths,recovered,new_cases,vaccine,tx_date,tx_host,tx_update) VALUES ('BOL1293','2021-01-30',3084,54,0,52,0,NOW(),'192.168.1.5',NOW());
INSERT INTO day_department(id_department,date,actives,deaths,recovered,new_cases,vaccine,tx_date,tx_host,tx_update) VALUES ('BOL1293','2021-01-29',3032,51,0,112,0,NOW(),'192.168.1.5',NOW());
INSERT INTO day_department(id_department,date,actives,deaths,recovered,new_cases,vaccine,tx_date,tx_host,tx_update) VALUES ('BOL1293','2021-01-28',2920,50,0,113,0,NOW(),'192.168.1.5',NOW());
INSERT INTO day_department(id_department,date,actives,deaths,recovered,new_cases,vaccine,tx_date,tx_host,tx_update) VALUES ('BOL1293','2021-01-27',2807,45,0,256,0,NOW(),'192.168.1.5',NOW());
INSERT INTO day_department(id_department,date,actives,deaths,recovered,new_cases,vaccine,tx_date,tx_host,tx_update) VALUES ('BOL1293','2021-01-26',2551,45,0,93,0,NOW(),'192.168.1.5',NOW());
INSERT INTO day_department(id_department,date,actives,deaths,recovered,new_cases,vaccine,tx_date,tx_host,tx_update) VALUES ('BOL1293','2021-01-25',2458,43,0,9,0,NOW(),'192.168.1.5',NOW());
INSERT INTO day_department(id_department,date,actives,deaths,recovered,new_cases,vaccine,tx_date,tx_host,tx_update) VALUES ('BOL1293','2021-01-24',2449,41,0,31,0,NOW(),'192.168.1.5',NOW());
INSERT INTO day_department(id_department,date,actives,deaths,recovered,new_cases,vaccine,tx_date,tx_host,tx_update) VALUES ('BOL1293','2021-01-23',2418,38,0,44,0,NOW(),'192.168.1.5',NOW());
INSERT INTO day_department(id_department,date,actives,deaths,recovered,new_cases,vaccine,tx_date,tx_host,tx_update) VALUES ('BOL1293','2021-01-22',2374,36,0,125,0,NOW(),'192.168.1.5',NOW());
INSERT INTO day_department(id_department,date,actives,deaths,recovered,new_cases,vaccine,tx_date,tx_host,tx_update) VALUES ('BOL1293','2021-01-21',2249,30,0,158,0,NOW(),'192.168.1.5',NOW());
INSERT INTO day_department(id_department,date,actives,deaths,recovered,new_cases,vaccine,tx_date,tx_host,tx_update) VALUES ('BOL1293','2021-01-20',2091,28,0,159,0,NOW(),'192.168.1.5',NOW());
INSERT INTO day_department(id_department,date,actives,deaths,recovered,new_cases,vaccine,tx_date,tx_host,tx_update) VALUES ('BOL1293','2021-01-19',1932,27,0,182,0,NOW(),'192.168.1.5',NOW());
INSERT INTO day_department(id_department,date,actives,deaths,recovered,new_cases,vaccine,tx_date,tx_host,tx_update) VALUES ('BOL1293','2021-01-18',1750,25,0,94,0,NOW(),'192.168.1.5',NOW());
INSERT INTO day_department(id_department,date,actives,deaths,recovered,new_cases,vaccine,tx_date,tx_host,tx_update) VALUES ('BOL1293','2021-01-17',1656,22,0,48,0,NOW(),'192.168.1.5',NOW());
INSERT INTO day_department(id_department,date,actives,deaths,recovered,new_cases,vaccine,tx_date,tx_host,tx_update) VALUES ('BOL1293','2021-01-16',1608,21,0,62,0,NOW(),'192.168.1.5',NOW());
INSERT INTO day_department(id_department,date,actives,deaths,recovered,new_cases,vaccine,tx_date,tx_host,tx_update) VALUES ('BOL1293','2021-01-15',1546,18,0,264,0,NOW(),'192.168.1.5',NOW());
INSERT INTO day_department(id_department,date,actives,deaths,recovered,new_cases,vaccine,tx_date,tx_host,tx_update) VALUES ('BOL1293','2021-01-14',1282,17,0,164,0,NOW(),'192.168.1.5',NOW());
INSERT INTO day_department(id_department,date,actives,deaths,recovered,new_cases,vaccine,tx_date,tx_host,tx_update) VALUES ('BOL1293','2021-01-13',1118,16,0,120,0,NOW(),'192.168.1.5',NOW());
INSERT INTO day_department(id_department,date,actives,deaths,recovered,new_cases,vaccine,tx_date,tx_host,tx_update) VALUES ('BOL1293','2021-01-12',998,11,0,117,0,NOW(),'192.168.1.5',NOW());
INSERT INTO day_department(id_department,date,actives,deaths,recovered,new_cases,vaccine,tx_date,tx_host,tx_update) VALUES ('BOL1293','2021-01-11',881,9,0,86,0,NOW(),'192.168.1.5',NOW());
INSERT INTO day_department(id_department,date,actives,deaths,recovered,new_cases,vaccine,tx_date,tx_host,tx_update) VALUES ('BOL1293','2021-01-10',795,8,0,26,0,NOW(),'192.168.1.5',NOW());
INSERT INTO day_department(id_department,date,actives,deaths,recovered,new_cases,vaccine,tx_date,tx_host,tx_update) VALUES ('BOL1293','2021-01-09',769,8,0,69,0,NOW(),'192.168.1.5',NOW());
INSERT INTO day_department(id_department,date,actives,deaths,recovered,new_cases,vaccine,tx_date,tx_host,tx_update) VALUES ('BOL1293','2021-01-08',700,6,0,134,0,NOW(),'192.168.1.5',NOW());
INSERT INTO day_department(id_department,date,actives,deaths,recovered,new_cases,vaccine,tx_date,tx_host,tx_update) VALUES ('BOL1293','2021-01-07',566,6,0,81,0,NOW(),'192.168.1.5',NOW());
INSERT INTO day_department(id_department,date,actives,deaths,recovered,new_cases,vaccine,tx_date,tx_host,tx_update) VALUES ('BOL1293','2021-01-06',485,6,0,112,0,NOW(),'192.168.1.5',NOW());
INSERT INTO day_department(id_department,date,actives,deaths,recovered,new_cases,vaccine,tx_date,tx_host,tx_update) VALUES ('BOL1293','2021-01-05',373,6,0,63,0,NOW(),'192.168.1.5',NOW());
INSERT INTO day_department(id_department,date,actives,deaths,recovered,new_cases,vaccine,tx_date,tx_host,tx_update) VALUES ('BOL1293','2021-01-04',310,4,0,49,0,NOW(),'192.168.1.5',NOW());
INSERT INTO day_department(id_department,date,actives,deaths,recovered,new_cases,vaccine,tx_date,tx_host,tx_update) VALUES ('BOL1293','2021-01-03',261,4,0,0,0,NOW(),'192.168.1.5',NOW());
INSERT INTO day_department(id_department,date,actives,deaths,recovered,new_cases,vaccine,tx_date,tx_host,tx_update) VALUES ('BOL1293','2021-01-02',261,4,0,0,0,NOW(),'192.168.1.5',NOW());
INSERT INTO day_department(id_department,date,actives,deaths,recovered,new_cases,vaccine,tx_date,tx_host,tx_update) VALUES ('BOL1293','2021-01-01',261,3,0,16,0,NOW(),'192.168.1.5',NOW());
INSERT INTO day_department(id_department,date,actives,deaths,recovered,new_cases,vaccine,tx_date,tx_host,tx_update) VALUES ('BOL1293','2020-12-31',7595,383,6353,28,0,NOW(),'192.168.1.5',NOW());
INSERT INTO day_department(id_department,date,actives,deaths,recovered,new_cases,vaccine,tx_date,tx_host,tx_update) VALUES ('BOL1293','2020-12-30',7567,382,6353,95,0,NOW(),'192.168.1.5',NOW());
INSERT INTO day_department(id_department,date,actives,deaths,recovered,new_cases,vaccine,tx_date,tx_host,tx_update) VALUES ('BOL1293','2020-12-29',7472,380,6333,18,0,NOW(),'192.168.1.5',NOW());
INSERT INTO day_department(id_department,date,actives,deaths,recovered,new_cases,vaccine,tx_date,tx_host,tx_update) VALUES ('BOL1293','2020-12-28',7454,379,6269,45,0,NOW(),'192.168.1.5',NOW());
INSERT INTO day_department(id_department,date,actives,deaths,recovered,new_cases,vaccine,tx_date,tx_host,tx_update) VALUES ('BOL1293','2020-12-27',7409,379,6269,0,0,NOW(),'192.168.1.5',NOW());
INSERT INTO day_department(id_department,date,actives,deaths,recovered,new_cases,vaccine,tx_date,tx_host,tx_update) VALUES ('BOL1293','2020-12-26',7409,379,6261,0,0,NOW(),'192.168.1.5',NOW());
INSERT INTO day_department(id_department,date,actives,deaths,recovered,new_cases,vaccine,tx_date,tx_host,tx_update) VALUES ('BOL1293','2020-12-25',7409,379,6251,0,0,NOW(),'192.168.1.5',NOW());
INSERT INTO day_department(id_department,date,actives,deaths,recovered,new_cases,vaccine,tx_date,tx_host,tx_update) VALUES ('BOL1293','2020-12-24',7409,379,6240,8,0,NOW(),'192.168.1.5',NOW());
INSERT INTO day_department(id_department,date,actives,deaths,recovered,new_cases,vaccine,tx_date,tx_host,tx_update) VALUES ('BOL1293','2020-12-23',7401,379,6240,18,0,NOW(),'192.168.1.5',NOW());
INSERT INTO day_department(id_department,date,actives,deaths,recovered,new_cases,vaccine,tx_date,tx_host,tx_update) VALUES ('BOL1293','2020-12-22',7383,379,6239,10,0,NOW(),'192.168.1.5',NOW());
INSERT INTO day_department(id_department,date,actives,deaths,recovered,new_cases,vaccine,tx_date,tx_host,tx_update) VALUES ('BOL1293','2020-12-21',7373,379,6239,0,0,NOW(),'192.168.1.5',NOW());
INSERT INTO day_department(id_department,date,actives,deaths,recovered,new_cases,vaccine,tx_date,tx_host,tx_update) VALUES ('BOL1293','2020-12-20',7373,379,6204,0,0,NOW(),'192.168.1.5',NOW());
INSERT INTO day_department(id_department,date,actives,deaths,recovered,new_cases,vaccine,tx_date,tx_host,tx_update) VALUES ('BOL1293','2020-12-19',7373,379,6204,2,0,NOW(),'192.168.1.5',NOW());
INSERT INTO day_department(id_department,date,actives,deaths,recovered,new_cases,vaccine,tx_date,tx_host,tx_update) VALUES ('BOL1293','2020-12-18',7371,379,6169,3,0,NOW(),'192.168.1.5',NOW());
INSERT INTO day_department(id_department,date,actives,deaths,recovered,new_cases,vaccine,tx_date,tx_host,tx_update) VALUES ('BOL1293','2020-12-17',7368,379,6127,4,0,NOW(),'192.168.1.5',NOW());
INSERT INTO day_department(id_department,date,actives,deaths,recovered,new_cases,vaccine,tx_date,tx_host,tx_update) VALUES ('BOL1293','2020-12-16',7364,379,6097,4,0,NOW(),'192.168.1.5',NOW());
INSERT INTO day_department(id_department,date,actives,deaths,recovered,new_cases,vaccine,tx_date,tx_host,tx_update) VALUES ('BOL1293','2020-12-15',7360,379,6097,2,0,NOW(),'192.168.1.5',NOW());
INSERT INTO day_department(id_department,date,actives,deaths,recovered,new_cases,vaccine,tx_date,tx_host,tx_update) VALUES ('BOL1293','2020-12-14',7358,379,6057,2,0,NOW(),'192.168.1.5',NOW());
INSERT INTO day_department(id_department,date,actives,deaths,recovered,new_cases,vaccine,tx_date,tx_host,tx_update) VALUES ('BOL1293','2020-12-13',7356,379,6240,0,0,NOW(),'192.168.1.5',NOW());
INSERT INTO day_department(id_department,date,actives,deaths,recovered,new_cases,vaccine,tx_date,tx_host,tx_update) VALUES ('BOL1293','2020-12-12',7356,378,6014,2,0,NOW(),'192.168.1.5',NOW());
INSERT INTO day_department(id_department,date,actives,deaths,recovered,new_cases,vaccine,tx_date,tx_host,tx_update) VALUES ('BOL1293','2020-12-11',7354,378,6014,0,0,NOW(),'192.168.1.5',NOW());
INSERT INTO day_department(id_department,date,actives,deaths,recovered,new_cases,vaccine,tx_date,tx_host,tx_update) VALUES ('BOL1293','2020-12-10',7354,378,5989,1,0,NOW(),'192.168.1.5',NOW());
INSERT INTO day_department(id_department,date,actives,deaths,recovered,new_cases,vaccine,tx_date,tx_host,tx_update) VALUES ('BOL1293','2020-12-09',7353,378,5946,1,0,NOW(),'192.168.1.5',NOW());
INSERT INTO day_department(id_department,date,actives,deaths,recovered,new_cases,vaccine,tx_date,tx_host,tx_update) VALUES ('BOL1293','2020-12-08',7352,377,5946,2,0,NOW(),'192.168.1.5',NOW());
INSERT INTO day_department(id_department,date,actives,deaths,recovered,new_cases,vaccine,tx_date,tx_host,tx_update) VALUES ('BOL1293','2020-12-07',7350,377,5479,0,0,NOW(),'192.168.1.5',NOW());
INSERT INTO day_department(id_department,date,actives,deaths,recovered,new_cases,vaccine,tx_date,tx_host,tx_update) VALUES ('BOL1293','2020-12-06',7350,377,5873,0,0,NOW(),'192.168.1.5',NOW());
INSERT INTO day_department(id_department,date,actives,deaths,recovered,new_cases,vaccine,tx_date,tx_host,tx_update) VALUES ('BOL1293','2020-12-05',7350,377,5873,2,0,NOW(),'192.168.1.5',NOW());
INSERT INTO day_department(id_department,date,actives,deaths,recovered,new_cases,vaccine,tx_date,tx_host,tx_update) VALUES ('BOL1293','2020-12-04',7348,377,5830,3,0,NOW(),'192.168.1.5',NOW());
INSERT INTO day_department(id_department,date,actives,deaths,recovered,new_cases,vaccine,tx_date,tx_host,tx_update) VALUES ('BOL1293','2020-12-03',7345,377,5825,1,0,NOW(),'192.168.1.5',NOW());
INSERT INTO day_department(id_department,date,actives,deaths,recovered,new_cases,vaccine,tx_date,tx_host,tx_update) VALUES ('BOL1293','2020-12-02',7344,375,5820,2,0,NOW(),'192.168.1.5',NOW());
INSERT INTO day_department(id_department,date,actives,deaths,recovered,new_cases,vaccine,tx_date,tx_host,tx_update) VALUES ('BOL1293','2020-12-01',7342,375,5774,0,0,NOW(),'192.168.1.5',NOW());
INSERT INTO day_department(id_department,date,actives,deaths,recovered,new_cases,vaccine,tx_date,tx_host,tx_update) VALUES ('BOL1293','2020-11-30',7342,375,5764,2,0,NOW(),'192.168.1.5',NOW());
INSERT INTO day_department(id_department,date,actives,deaths,recovered,new_cases,vaccine,tx_date,tx_host,tx_update) VALUES ('BOL1293','2020-11-29',7340,375,5726,0,0,NOW(),'192.168.1.5',NOW());
INSERT INTO day_department(id_department,date,actives,deaths,recovered,new_cases,vaccine,tx_date,tx_host,tx_update) VALUES ('BOL1293','2020-11-28',7340,375,5708,0,0,NOW(),'192.168.1.5',NOW());
INSERT INTO day_department(id_department,date,actives,deaths,recovered,new_cases,vaccine,tx_date,tx_host,tx_update) VALUES ('BOL1293','2020-11-27',7340,375,5682,1,0,NOW(),'192.168.1.5',NOW());
INSERT INTO day_department(id_department,date,actives,deaths,recovered,new_cases,vaccine,tx_date,tx_host,tx_update) VALUES ('BOL1293','2020-11-26',7339,375,5567,0,0,NOW(),'192.168.1.5',NOW());
INSERT INTO day_department(id_department,date,actives,deaths,recovered,new_cases,vaccine,tx_date,tx_host,tx_update) VALUES ('BOL1293','2020-11-25',7339,375,5540,7,0,NOW(),'192.168.1.5',NOW());
INSERT INTO day_department(id_department,date,actives,deaths,recovered,new_cases,vaccine,tx_date,tx_host,tx_update) VALUES ('BOL1293','2020-11-24',7332,375,5540,1,0,NOW(),'192.168.1.5',NOW());
INSERT INTO day_department(id_department,date,actives,deaths,recovered,new_cases,vaccine,tx_date,tx_host,tx_update) VALUES ('BOL1293','2020-11-23',7331,374,5507,0,0,NOW(),'192.168.1.5',NOW());
INSERT INTO day_department(id_department,date,actives,deaths,recovered,new_cases,vaccine,tx_date,tx_host,tx_update) VALUES ('BOL1293','2020-11-22',7331,374,5507,0,0,NOW(),'192.168.1.5',NOW());
INSERT INTO day_department(id_department,date,actives,deaths,recovered,new_cases,vaccine,tx_date,tx_host,tx_update) VALUES ('BOL1293','2020-11-21',7331,374,5493,0,0,NOW(),'192.168.1.5',NOW());
INSERT INTO day_department(id_department,date,actives,deaths,recovered,new_cases,vaccine,tx_date,tx_host,tx_update) VALUES ('BOL1293','2020-11-20',7331,374,5479,0,0,NOW(),'192.168.1.5',NOW());
INSERT INTO day_department(id_department,date,actives,deaths,recovered,new_cases,vaccine,tx_date,tx_host,tx_update) VALUES ('BOL1293','2020-11-19',7331,374,5461,1,0,NOW(),'192.168.1.5',NOW());
INSERT INTO day_department(id_department,date,actives,deaths,recovered,new_cases,vaccine,tx_date,tx_host,tx_update) VALUES ('BOL1293','2020-11-18',7330,374,5436,6,0,NOW(),'192.168.1.5',NOW());
INSERT INTO day_department(id_department,date,actives,deaths,recovered,new_cases,vaccine,tx_date,tx_host,tx_update) VALUES ('BOL1293','2020-11-17',7324,374,5418,6,0,NOW(),'192.168.1.5',NOW());
INSERT INTO day_department(id_department,date,actives,deaths,recovered,new_cases,vaccine,tx_date,tx_host,tx_update) VALUES ('BOL1293','2020-11-16',7318,374,5403,0,0,NOW(),'192.168.1.5',NOW());
INSERT INTO day_department(id_department,date,actives,deaths,recovered,new_cases,vaccine,tx_date,tx_host,tx_update) VALUES ('BOL1293','2020-11-15',7318,374,5370,0,0,NOW(),'192.168.1.5',NOW());
INSERT INTO day_department(id_department,date,actives,deaths,recovered,new_cases,vaccine,tx_date,tx_host,tx_update) VALUES ('BOL1293','2020-11-14',7318,374,5305,0,0,NOW(),'192.168.1.5',NOW());
INSERT INTO day_department(id_department,date,actives,deaths,recovered,new_cases,vaccine,tx_date,tx_host,tx_update) VALUES ('BOL1293','2020-11-13',7318,374,5253,1,0,NOW(),'192.168.1.5',NOW());
INSERT INTO day_department(id_department,date,actives,deaths,recovered,new_cases,vaccine,tx_date,tx_host,tx_update) VALUES ('BOL1293','2020-11-12',7317,374,5234,0,0,NOW(),'192.168.1.5',NOW());
INSERT INTO day_department(id_department,date,actives,deaths,recovered,new_cases,vaccine,tx_date,tx_host,tx_update) VALUES ('BOL1293','2020-11-11',7317,374,5194,3,0,NOW(),'192.168.1.5',NOW());
INSERT INTO day_department(id_department,date,actives,deaths,recovered,new_cases,vaccine,tx_date,tx_host,tx_update) VALUES ('BOL1293','2020-11-10',7314,374,5173,0,0,NOW(),'192.168.1.5',NOW());
INSERT INTO day_department(id_department,date,actives,deaths,recovered,new_cases,vaccine,tx_date,tx_host,tx_update) VALUES ('BOL1293','2020-11-09',7314,373,5173,3,0,NOW(),'192.168.1.5',NOW());
INSERT INTO day_department(id_department,date,actives,deaths,recovered,new_cases,vaccine,tx_date,tx_host,tx_update) VALUES ('BOL1293','2020-11-08',7311,373,5173,0,0,NOW(),'192.168.1.5',NOW());
INSERT INTO day_department(id_department,date,actives,deaths,recovered,new_cases,vaccine,tx_date,tx_host,tx_update) VALUES ('BOL1293','2020-11-07',7311,373,5117,0,0,NOW(),'192.168.1.5',NOW());
INSERT INTO day_department(id_department,date,actives,deaths,recovered,new_cases,vaccine,tx_date,tx_host,tx_update) VALUES ('BOL1293','2020-11-06',7311,373,5117,6,0,NOW(),'192.168.1.5',NOW());
INSERT INTO day_department(id_department,date,actives,deaths,recovered,new_cases,vaccine,tx_date,tx_host,tx_update) VALUES ('BOL1293','2020-11-05',7305,373,5089,5,0,NOW(),'192.168.1.5',NOW());
INSERT INTO day_department(id_department,date,actives,deaths,recovered,new_cases,vaccine,tx_date,tx_host,tx_update) VALUES ('BOL1293','2020-11-04',7300,373,5064,5,0,NOW(),'192.168.1.5',NOW());
INSERT INTO day_department(id_department,date,actives,deaths,recovered,new_cases,vaccine,tx_date,tx_host,tx_update) VALUES ('BOL1293','2020-11-03',7295,373,5018,6,0,NOW(),'192.168.1.5',NOW());
INSERT INTO day_department(id_department,date,actives,deaths,recovered,new_cases,vaccine,tx_date,tx_host,tx_update) VALUES ('BOL1293','2020-11-02',7289,373,4953,0,0,NOW(),'192.168.1.5',NOW());
INSERT INTO day_department(id_department,date,actives,deaths,recovered,new_cases,vaccine,tx_date,tx_host,tx_update) VALUES ('BOL1293','2020-11-01',7289,372,4905,0,0,NOW(),'192.168.1.5',NOW());
INSERT INTO day_department(id_department,date,actives,deaths,recovered,new_cases,vaccine,tx_date,tx_host,tx_update) VALUES ('BOL1293','2020-10-31',7289,372,4845,0,0,NOW(),'192.168.1.5',NOW());
INSERT INTO day_department(id_department,date,actives,deaths,recovered,new_cases,vaccine,tx_date,tx_host,tx_update) VALUES ('BOL1293','2020-10-30',7289,372,4845,0,0,NOW(),'192.168.1.5',NOW());
INSERT INTO day_department(id_department,date,actives,deaths,recovered,new_cases,vaccine,tx_date,tx_host,tx_update) VALUES ('BOL1293','2020-10-29',7289,372,4802,0,0,NOW(),'192.168.1.5',NOW());
INSERT INTO day_department(id_department,date,actives,deaths,recovered,new_cases,vaccine,tx_date,tx_host,tx_update) VALUES ('BOL1293','2020-10-28',7289,372,4795,1,0,NOW(),'192.168.1.5',NOW());
INSERT INTO day_department(id_department,date,actives,deaths,recovered,new_cases,vaccine,tx_date,tx_host,tx_update) VALUES ('BOL1293','2020-10-27',7288,372,4698,0,0,NOW(),'192.168.1.5',NOW());
INSERT INTO day_department(id_department,date,actives,deaths,recovered,new_cases,vaccine,tx_date,tx_host,tx_update) VALUES ('BOL1293','2020-10-26',7288,372,4698,0,0,NOW(),'192.168.1.5',NOW());
INSERT INTO day_department(id_department,date,actives,deaths,recovered,new_cases,vaccine,tx_date,tx_host,tx_update) VALUES ('BOL1293','2020-10-25',7288,371,4556,0,0,NOW(),'192.168.1.5',NOW());
INSERT INTO day_department(id_department,date,actives,deaths,recovered,new_cases,vaccine,tx_date,tx_host,tx_update) VALUES ('BOL1293','2020-10-24',7288,371,4556,3,0,NOW(),'192.168.1.5',NOW());
INSERT INTO day_department(id_department,date,actives,deaths,recovered,new_cases,vaccine,tx_date,tx_host,tx_update) VALUES ('BOL1293','2020-10-23',7285,371,4492,1,0,NOW(),'192.168.1.5',NOW());
INSERT INTO day_department(id_department,date,actives,deaths,recovered,new_cases,vaccine,tx_date,tx_host,tx_update) VALUES ('BOL1293','2020-10-22',7284,370,4389,4,0,NOW(),'192.168.1.5',NOW());
INSERT INTO day_department(id_department,date,actives,deaths,recovered,new_cases,vaccine,tx_date,tx_host,tx_update) VALUES ('BOL1293','2020-10-21',7280,369,4092,4,0,NOW(),'192.168.1.5',NOW());
INSERT INTO day_department(id_department,date,actives,deaths,recovered,new_cases,vaccine,tx_date,tx_host,tx_update) VALUES ('BOL1293','2020-10-20',7276,369,4092,8,0,NOW(),'192.168.1.5',NOW());
INSERT INTO day_department(id_department,date,actives,deaths,recovered,new_cases,vaccine,tx_date,tx_host,tx_update) VALUES ('BOL1293','2020-10-19',7268,368,4000,1,0,NOW(),'192.168.1.5',NOW());
INSERT INTO day_department(id_department,date,actives,deaths,recovered,new_cases,vaccine,tx_date,tx_host,tx_update) VALUES ('BOL1293','2020-10-18',7267,367,3919,0,0,NOW(),'192.168.1.5',NOW());
INSERT INTO day_department(id_department,date,actives,deaths,recovered,new_cases,vaccine,tx_date,tx_host,tx_update) VALUES ('BOL1293','2020-10-17',7267,367,3874,2,0,NOW(),'192.168.1.5',NOW());
INSERT INTO day_department(id_department,date,actives,deaths,recovered,new_cases,vaccine,tx_date,tx_host,tx_update) VALUES ('BOL1293','2020-10-16',7265,367,3824,17,0,NOW(),'192.168.1.5',NOW());
INSERT INTO day_department(id_department,date,actives,deaths,recovered,new_cases,vaccine,tx_date,tx_host,tx_update) VALUES ('BOL1293','2020-10-15',7248,366,3559,2,0,NOW(),'192.168.1.5',NOW());
INSERT INTO day_department(id_department,date,actives,deaths,recovered,new_cases,vaccine,tx_date,tx_host,tx_update) VALUES ('BOL1293','2020-10-14',7246,366,3559,0,0,NOW(),'192.168.1.5',NOW());
INSERT INTO day_department(id_department,date,actives,deaths,recovered,new_cases,vaccine,tx_date,tx_host,tx_update) VALUES ('BOL1293','2020-10-13',7246,366,3420,4,0,NOW(),'192.168.1.5',NOW());
INSERT INTO day_department(id_department,date,actives,deaths,recovered,new_cases,vaccine,tx_date,tx_host,tx_update) VALUES ('BOL1293','2020-10-12',7242,365,3367,2,0,NOW(),'192.168.1.5',NOW());
INSERT INTO day_department(id_department,date,actives,deaths,recovered,new_cases,vaccine,tx_date,tx_host,tx_update) VALUES ('BOL1293','2020-10-11',7240,364,3343,7,0,NOW(),'192.168.1.5',NOW());
INSERT INTO day_department(id_department,date,actives,deaths,recovered,new_cases,vaccine,tx_date,tx_host,tx_update) VALUES ('BOL1293','2020-10-10',7233,364,3255,18,0,NOW(),'192.168.1.5',NOW());
INSERT INTO day_department(id_department,date,actives,deaths,recovered,new_cases,vaccine,tx_date,tx_host,tx_update) VALUES ('BOL1293','2020-10-09',7215,364,3255,13,0,NOW(),'192.168.1.5',NOW());
INSERT INTO day_department(id_department,date,actives,deaths,recovered,new_cases,vaccine,tx_date,tx_host,tx_update) VALUES ('BOL1293','2020-10-08',7202,364,3201,5,0,NOW(),'192.168.1.5',NOW());
INSERT INTO day_department(id_department,date,actives,deaths,recovered,new_cases,vaccine,tx_date,tx_host,tx_update) VALUES ('BOL1293','2020-10-07',7197,363,3141,0,0,NOW(),'192.168.1.5',NOW());
INSERT INTO day_department(id_department,date,actives,deaths,recovered,new_cases,vaccine,tx_date,tx_host,tx_update) VALUES ('BOL1293','2020-10-06',7197,363,3071,0,0,NOW(),'192.168.1.5',NOW());
INSERT INTO day_department(id_department,date,actives,deaths,recovered,new_cases,vaccine,tx_date,tx_host,tx_update) VALUES ('BOL1293','2020-10-05',7197,362,2958,3,0,NOW(),'192.168.1.5',NOW());
INSERT INTO day_department(id_department,date,actives,deaths,recovered,new_cases,vaccine,tx_date,tx_host,tx_update) VALUES ('BOL1293','2020-10-04',7194,361,2878,0,0,NOW(),'192.168.1.5',NOW());
INSERT INTO day_department(id_department,date,actives,deaths,recovered,new_cases,vaccine,tx_date,tx_host,tx_update) VALUES ('BOL1293','2020-10-03',7194,361,2746,10,0,NOW(),'192.168.1.5',NOW());
INSERT INTO day_department(id_department,date,actives,deaths,recovered,new_cases,vaccine,tx_date,tx_host,tx_update) VALUES ('BOL1293','2020-10-02',7184,361,2746,16,0,NOW(),'192.168.1.5',NOW());
INSERT INTO day_department(id_department,date,actives,deaths,recovered,new_cases,vaccine,tx_date,tx_host,tx_update) VALUES ('BOL1293','2020-10-01',7168,360,2693,32,0,NOW(),'192.168.1.5',NOW());
INSERT INTO day_department(id_department,date,actives,deaths,recovered,new_cases,vaccine,tx_date,tx_host,tx_update) VALUES ('BOL1293','2020-09-30',7136,359,2634,7,0,NOW(),'192.168.1.5',NOW());
INSERT INTO day_department(id_department,date,actives,deaths,recovered,new_cases,vaccine,tx_date,tx_host,tx_update) VALUES ('BOL1293','2020-09-29',7129,358,2583,0,0,NOW(),'192.168.1.5',NOW());
INSERT INTO day_department(id_department,date,actives,deaths,recovered,new_cases,vaccine,tx_date,tx_host,tx_update) VALUES ('BOL1293','2020-09-28',7129,354,2523,0,0,NOW(),'192.168.1.5',NOW());
INSERT INTO day_department(id_department,date,actives,deaths,recovered,new_cases,vaccine,tx_date,tx_host,tx_update) VALUES ('BOL1293','2020-09-27',7129,352,2436,0,0,NOW(),'192.168.1.5',NOW());
INSERT INTO day_department(id_department,date,actives,deaths,recovered,new_cases,vaccine,tx_date,tx_host,tx_update) VALUES ('BOL1293','2020-09-26',7129,352,2366,5,0,NOW(),'192.168.1.5',NOW());
INSERT INTO day_department(id_department,date,actives,deaths,recovered,new_cases,vaccine,tx_date,tx_host,tx_update) VALUES ('BOL1293','2020-09-25',7124,352,2294,15,0,NOW(),'192.168.1.5',NOW());
INSERT INTO day_department(id_department,date,actives,deaths,recovered,new_cases,vaccine,tx_date,tx_host,tx_update) VALUES ('BOL1293','2020-09-24',7109,352,2214,20,0,NOW(),'192.168.1.5',NOW());
INSERT INTO day_department(id_department,date,actives,deaths,recovered,new_cases,vaccine,tx_date,tx_host,tx_update) VALUES ('BOL1293','2020-09-23',7089,351,2172,40,0,NOW(),'192.168.1.5',NOW());
INSERT INTO day_department(id_department,date,actives,deaths,recovered,new_cases,vaccine,tx_date,tx_host,tx_update) VALUES ('BOL1293','2020-09-22',7049,350,2160,23,0,NOW(),'192.168.1.5',NOW());
INSERT INTO day_department(id_department,date,actives,deaths,recovered,new_cases,vaccine,tx_date,tx_host,tx_update) VALUES ('BOL1293','2020-09-21',7026,350,2128,3,0,NOW(),'192.168.1.5',NOW());
INSERT INTO day_department(id_department,date,actives,deaths,recovered,new_cases,vaccine,tx_date,tx_host,tx_update) VALUES ('BOL1293','2020-09-20',7023,349,2058,1,0,NOW(),'192.168.1.5',NOW());
INSERT INTO day_department(id_department,date,actives,deaths,recovered,new_cases,vaccine,tx_date,tx_host,tx_update) VALUES ('BOL1293','2020-09-19',7022,348,1973,5,0,NOW(),'192.168.1.5',NOW());
INSERT INTO day_department(id_department,date,actives,deaths,recovered,new_cases,vaccine,tx_date,tx_host,tx_update) VALUES ('BOL1293','2020-09-18',7017,346,1883,10,0,NOW(),'192.168.1.5',NOW());
INSERT INTO day_department(id_department,date,actives,deaths,recovered,new_cases,vaccine,tx_date,tx_host,tx_update) VALUES ('BOL1293','2020-09-17',7007,345,1803,24,0,NOW(),'192.168.1.5',NOW());
INSERT INTO day_department(id_department,date,actives,deaths,recovered,new_cases,vaccine,tx_date,tx_host,tx_update) VALUES ('BOL1293','2020-09-16',6983,345,1724,14,0,NOW(),'192.168.1.5',NOW());
INSERT INTO day_department(id_department,date,actives,deaths,recovered,new_cases,vaccine,tx_date,tx_host,tx_update) VALUES ('BOL1293','2020-09-15',6969,345,1644,1,0,NOW(),'192.168.1.5',NOW());
INSERT INTO day_department(id_department,date,actives,deaths,recovered,new_cases,vaccine,tx_date,tx_host,tx_update) VALUES ('BOL1293','2020-09-14',6968,344,1554,14,0,NOW(),'192.168.1.5',NOW());
INSERT INTO day_department(id_department,date,actives,deaths,recovered,new_cases,vaccine,tx_date,tx_host,tx_update) VALUES ('BOL1293','2020-09-13',6954,343,1472,17,0,NOW(),'192.168.1.5',NOW());
INSERT INTO day_department(id_department,date,actives,deaths,recovered,new_cases,vaccine,tx_date,tx_host,tx_update) VALUES ('BOL1293','2020-09-12',6937,343,1402,4,0,NOW(),'192.168.1.5',NOW());
INSERT INTO day_department(id_department,date,actives,deaths,recovered,new_cases,vaccine,tx_date,tx_host,tx_update) VALUES ('BOL1293','2020-09-11',6933,343,1324,20,0,NOW(),'192.168.1.5',NOW());
INSERT INTO day_department(id_department,date,actives,deaths,recovered,new_cases,vaccine,tx_date,tx_host,tx_update) VALUES ('BOL1293','2020-09-10',6913,343,1238,40,0,NOW(),'192.168.1.5',NOW());
INSERT INTO day_department(id_department,date,actives,deaths,recovered,new_cases,vaccine,tx_date,tx_host,tx_update) VALUES ('BOL1293','2020-09-09',6873,341,1210,27,0,NOW(),'192.168.1.5',NOW());
INSERT INTO day_department(id_department,date,actives,deaths,recovered,new_cases,vaccine,tx_date,tx_host,tx_update) VALUES ('BOL1293','2020-09-08',6846,341,1138,25,0,NOW(),'192.168.1.5',NOW());
INSERT INTO day_department(id_department,date,actives,deaths,recovered,new_cases,vaccine,tx_date,tx_host,tx_update) VALUES ('BOL1293','2020-09-07',6821,339,1105,29,0,NOW(),'192.168.1.5',NOW());
INSERT INTO day_department(id_department,date,actives,deaths,recovered,new_cases,vaccine,tx_date,tx_host,tx_update) VALUES ('BOL1293','2020-09-06',6792,337,1104,7,0,NOW(),'192.168.1.5',NOW());
INSERT INTO day_department(id_department,date,actives,deaths,recovered,new_cases,vaccine,tx_date,tx_host,tx_update) VALUES ('BOL1293','2020-09-05',6785,337,1104,14,0,NOW(),'192.168.1.5',NOW());
INSERT INTO day_department(id_department,date,actives,deaths,recovered,new_cases,vaccine,tx_date,tx_host,tx_update) VALUES ('BOL1293','2020-09-04',6771,337,1103,18,0,NOW(),'192.168.1.5',NOW());
INSERT INTO day_department(id_department,date,actives,deaths,recovered,new_cases,vaccine,tx_date,tx_host,tx_update) VALUES ('BOL1293','2020-09-03',6753,336,1094,82,0,NOW(),'192.168.1.5',NOW());
INSERT INTO day_department(id_department,date,actives,deaths,recovered,new_cases,vaccine,tx_date,tx_host,tx_update) VALUES ('BOL1293','2020-09-02',6671,335,1084,32,0,NOW(),'192.168.1.5',NOW());
INSERT INTO day_department(id_department,date,actives,deaths,recovered,new_cases,vaccine,tx_date,tx_host,tx_update) VALUES ('BOL1293','2020-09-01',6639,335,1084,29,0,NOW(),'192.168.1.5',NOW());
INSERT INTO day_department(id_department,date,actives,deaths,recovered,new_cases,vaccine,tx_date,tx_host,tx_update) VALUES ('BOL1293','2020-08-31',6610,334,1082,18,0,NOW(),'192.168.1.5',NOW());
INSERT INTO day_department(id_department,date,actives,deaths,recovered,new_cases,vaccine,tx_date,tx_host,tx_update) VALUES ('BOL1293','2020-08-30',6592,332,1078,8,0,NOW(),'192.168.1.5',NOW());
INSERT INTO day_department(id_department,date,actives,deaths,recovered,new_cases,vaccine,tx_date,tx_host,tx_update) VALUES ('BOL1293','2020-08-29',6584,332,1073,19,0,NOW(),'192.168.1.5',NOW());
INSERT INTO day_department(id_department,date,actives,deaths,recovered,new_cases,vaccine,tx_date,tx_host,tx_update) VALUES ('BOL1293','2020-08-28',6565,332,1028,63,0,NOW(),'192.168.1.5',NOW());
INSERT INTO day_department(id_department,date,actives,deaths,recovered,new_cases,vaccine,tx_date,tx_host,tx_update) VALUES ('BOL1293','2020-08-27',6502,332,1022,53,0,NOW(),'192.168.1.5',NOW());
INSERT INTO day_department(id_department,date,actives,deaths,recovered,new_cases,vaccine,tx_date,tx_host,tx_update) VALUES ('BOL1293','2020-08-26',6449,332,1019,27,0,NOW(),'192.168.1.5',NOW());
INSERT INTO day_department(id_department,date,actives,deaths,recovered,new_cases,vaccine,tx_date,tx_host,tx_update) VALUES ('BOL1293','2020-08-25',6422,331,950,80,0,NOW(),'192.168.1.5',NOW());
INSERT INTO day_department(id_department,date,actives,deaths,recovered,new_cases,vaccine,tx_date,tx_host,tx_update) VALUES ('BOL1293','2020-08-24',6342,330,947,7,0,NOW(),'192.168.1.5',NOW());
INSERT INTO day_department(id_department,date,actives,deaths,recovered,new_cases,vaccine,tx_date,tx_host,tx_update) VALUES ('BOL1293','2020-08-23',6335,328,902,13,0,NOW(),'192.168.1.5',NOW());
INSERT INTO day_department(id_department,date,actives,deaths,recovered,new_cases,vaccine,tx_date,tx_host,tx_update) VALUES ('BOL1293','2020-08-22',6322,327,869,84,0,NOW(),'192.168.1.5',NOW());
INSERT INTO day_department(id_department,date,actives,deaths,recovered,new_cases,vaccine,tx_date,tx_host,tx_update) VALUES ('BOL1293','2020-08-21',6238,326,869,82,0,NOW(),'192.168.1.5',NOW());
INSERT INTO day_department(id_department,date,actives,deaths,recovered,new_cases,vaccine,tx_date,tx_host,tx_update) VALUES ('BOL1293','2020-08-20',6156,326,841,63,0,NOW(),'192.168.1.5',NOW());
INSERT INTO day_department(id_department,date,actives,deaths,recovered,new_cases,vaccine,tx_date,tx_host,tx_update) VALUES ('BOL1293','2020-08-19',6093,324,765,71,0,NOW(),'192.168.1.5',NOW());
INSERT INTO day_department(id_department,date,actives,deaths,recovered,new_cases,vaccine,tx_date,tx_host,tx_update) VALUES ('BOL1293','2020-08-18',6022,322,761,51,0,NOW(),'192.168.1.5',NOW());
INSERT INTO day_department(id_department,date,actives,deaths,recovered,new_cases,vaccine,tx_date,tx_host,tx_update) VALUES ('BOL1293','2020-08-17',5971,321,757,14,0,NOW(),'192.168.1.5',NOW());
INSERT INTO day_department(id_department,date,actives,deaths,recovered,new_cases,vaccine,tx_date,tx_host,tx_update) VALUES ('BOL1293','2020-08-16',5957,321,754,0,0,NOW(),'192.168.1.5',NOW());
INSERT INTO day_department(id_department,date,actives,deaths,recovered,new_cases,vaccine,tx_date,tx_host,tx_update) VALUES ('BOL1293','2020-08-15',5957,321,754,3,0,NOW(),'192.168.1.5',NOW());
INSERT INTO day_department(id_department,date,actives,deaths,recovered,new_cases,vaccine,tx_date,tx_host,tx_update) VALUES ('BOL1293','2020-08-14',5954,321,752,0,0,NOW(),'192.168.1.5',NOW());
INSERT INTO day_department(id_department,date,actives,deaths,recovered,new_cases,vaccine,tx_date,tx_host,tx_update) VALUES ('BOL1293','2020-08-13',5954,319,724,24,0,NOW(),'192.168.1.5',NOW());
INSERT INTO day_department(id_department,date,actives,deaths,recovered,new_cases,vaccine,tx_date,tx_host,tx_update) VALUES ('BOL1293','2020-08-12',5930,317,672,9,0,NOW(),'192.168.1.5',NOW());
INSERT INTO day_department(id_department,date,actives,deaths,recovered,new_cases,vaccine,tx_date,tx_host,tx_update) VALUES ('BOL1293','2020-08-11',5921,314,672,85,0,NOW(),'192.168.1.5',NOW());
INSERT INTO day_department(id_department,date,actives,deaths,recovered,new_cases,vaccine,tx_date,tx_host,tx_update) VALUES ('BOL1293','2020-08-10',5836,310,671,47,0,NOW(),'192.168.1.5',NOW());
INSERT INTO day_department(id_department,date,actives,deaths,recovered,new_cases,vaccine,tx_date,tx_host,tx_update) VALUES ('BOL1293','2020-08-09',5789,307,668,12,0,NOW(),'192.168.1.5',NOW());
INSERT INTO day_department(id_department,date,actives,deaths,recovered,new_cases,vaccine,tx_date,tx_host,tx_update) VALUES ('BOL1293','2020-08-08',5777,307,664,17,0,NOW(),'192.168.1.5',NOW());
INSERT INTO day_department(id_department,date,actives,deaths,recovered,new_cases,vaccine,tx_date,tx_host,tx_update) VALUES ('BOL1293','2020-08-07',5760,305,662,31,0,NOW(),'192.168.1.5',NOW());
INSERT INTO day_department(id_department,date,actives,deaths,recovered,new_cases,vaccine,tx_date,tx_host,tx_update) VALUES ('BOL1293','2020-08-06',5729,303,631,32,0,NOW(),'192.168.1.5',NOW());
INSERT INTO day_department(id_department,date,actives,deaths,recovered,new_cases,vaccine,tx_date,tx_host,tx_update) VALUES ('BOL1293','2020-08-05',5697,301,618,28,0,NOW(),'192.168.1.5',NOW());
INSERT INTO day_department(id_department,date,actives,deaths,recovered,new_cases,vaccine,tx_date,tx_host,tx_update) VALUES ('BOL1293','2020-08-04',5669,298,580,31,0,NOW(),'192.168.1.5',NOW());
INSERT INTO day_department(id_department,date,actives,deaths,recovered,new_cases,vaccine,tx_date,tx_host,tx_update) VALUES ('BOL1293','2020-08-03',5638,297,567,19,0,NOW(),'192.168.1.5',NOW());
INSERT INTO day_department(id_department,date,actives,deaths,recovered,new_cases,vaccine,tx_date,tx_host,tx_update) VALUES ('BOL1293','2020-08-02',5619,295,511,67,0,NOW(),'192.168.1.5',NOW());
INSERT INTO day_department(id_department,date,actives,deaths,recovered,new_cases,vaccine,tx_date,tx_host,tx_update) VALUES ('BOL1293','2020-08-01',5552,295,503,111,0,NOW(),'192.168.1.5',NOW());
INSERT INTO day_department(id_department,date,actives,deaths,recovered,new_cases,vaccine,tx_date,tx_host,tx_update) VALUES ('BOL1293','2020-07-31',5441,293,434,65,0,NOW(),'192.168.1.5',NOW());
INSERT INTO day_department(id_department,date,actives,deaths,recovered,new_cases,vaccine,tx_date,tx_host,tx_update) VALUES ('BOL1293','2020-07-30',5376,293,409,51,0,NOW(),'192.168.1.5',NOW());
INSERT INTO day_department(id_department,date,actives,deaths,recovered,new_cases,vaccine,tx_date,tx_host,tx_update) VALUES ('BOL1293','2020-07-29',5325,293,323,10,0,NOW(),'192.168.1.5',NOW());
INSERT INTO day_department(id_department,date,actives,deaths,recovered,new_cases,vaccine,tx_date,tx_host,tx_update) VALUES ('BOL1293','2020-07-28',5315,292,254,20,0,NOW(),'192.168.1.5',NOW());
INSERT INTO day_department(id_department,date,actives,deaths,recovered,new_cases,vaccine,tx_date,tx_host,tx_update) VALUES ('BOL1293','2020-07-27',5295,291,220,5,0,NOW(),'192.168.1.5',NOW());
INSERT INTO day_department(id_department,date,actives,deaths,recovered,new_cases,vaccine,tx_date,tx_host,tx_update) VALUES ('BOL1293','2020-07-26',5290,289,209,1,0,NOW(),'192.168.1.5',NOW());
INSERT INTO day_department(id_department,date,actives,deaths,recovered,new_cases,vaccine,tx_date,tx_host,tx_update) VALUES ('BOL1293','2020-07-25',5289,289,209,13,0,NOW(),'192.168.1.5',NOW());
INSERT INTO day_department(id_department,date,actives,deaths,recovered,new_cases,vaccine,tx_date,tx_host,tx_update) VALUES ('BOL1293','2020-07-24',5276,289,207,83,0,NOW(),'192.168.1.5',NOW());
INSERT INTO day_department(id_department,date,actives,deaths,recovered,new_cases,vaccine,tx_date,tx_host,tx_update) VALUES ('BOL1293','2020-07-23',5193,288,206,20,0,NOW(),'192.168.1.5',NOW());
INSERT INTO day_department(id_department,date,actives,deaths,recovered,new_cases,vaccine,tx_date,tx_host,tx_update) VALUES ('BOL1293','2020-07-22',5173,285,206,10,0,NOW(),'192.168.1.5',NOW());
INSERT INTO day_department(id_department,date,actives,deaths,recovered,new_cases,vaccine,tx_date,tx_host,tx_update) VALUES ('BOL1293','2020-07-21',5163,284,206,39,0,NOW(),'192.168.1.5',NOW());
INSERT INTO day_department(id_department,date,actives,deaths,recovered,new_cases,vaccine,tx_date,tx_host,tx_update) VALUES ('BOL1293','2020-07-20',5124,282,204,32,0,NOW(),'192.168.1.5',NOW());
INSERT INTO day_department(id_department,date,actives,deaths,recovered,new_cases,vaccine,tx_date,tx_host,tx_update) VALUES ('BOL1293','2020-07-19',5092,281,202,24,0,NOW(),'192.168.1.5',NOW());
INSERT INTO day_department(id_department,date,actives,deaths,recovered,new_cases,vaccine,tx_date,tx_host,tx_update) VALUES ('BOL1293','2020-07-18',5068,281,202,28,0,NOW(),'192.168.1.5',NOW());
INSERT INTO day_department(id_department,date,actives,deaths,recovered,new_cases,vaccine,tx_date,tx_host,tx_update) VALUES ('BOL1293','2020-07-17',5040,280,202,14,0,NOW(),'192.168.1.5',NOW());
INSERT INTO day_department(id_department,date,actives,deaths,recovered,new_cases,vaccine,tx_date,tx_host,tx_update) VALUES ('BOL1293','2020-07-16',5026,276,198,69,0,NOW(),'192.168.1.5',NOW());
INSERT INTO day_department(id_department,date,actives,deaths,recovered,new_cases,vaccine,tx_date,tx_host,tx_update) VALUES ('BOL1293','2020-07-15',4957,276,190,53,0,NOW(),'192.168.1.5',NOW());
INSERT INTO day_department(id_department,date,actives,deaths,recovered,new_cases,vaccine,tx_date,tx_host,tx_update) VALUES ('BOL1293','2020-07-14',4904,275,182,43,0,NOW(),'192.168.1.5',NOW());
INSERT INTO day_department(id_department,date,actives,deaths,recovered,new_cases,vaccine,tx_date,tx_host,tx_update) VALUES ('BOL1293','2020-07-13',4861,273,179,24,0,NOW(),'192.168.1.5',NOW());
INSERT INTO day_department(id_department,date,actives,deaths,recovered,new_cases,vaccine,tx_date,tx_host,tx_update) VALUES ('BOL1293','2020-07-12',4837,266,176,26,0,NOW(),'192.168.1.5',NOW());
INSERT INTO day_department(id_department,date,actives,deaths,recovered,new_cases,vaccine,tx_date,tx_host,tx_update) VALUES ('BOL1293','2020-07-11',4811,263,173,17,0,NOW(),'192.168.1.5',NOW());
INSERT INTO day_department(id_department,date,actives,deaths,recovered,new_cases,vaccine,tx_date,tx_host,tx_update) VALUES ('BOL1293','2020-07-10',4794,259,171,99,0,NOW(),'192.168.1.5',NOW());
INSERT INTO day_department(id_department,date,actives,deaths,recovered,new_cases,vaccine,tx_date,tx_host,tx_update) VALUES ('BOL1293','2020-07-09',4695,257,161,84,0,NOW(),'192.168.1.5',NOW());
INSERT INTO day_department(id_department,date,actives,deaths,recovered,new_cases,vaccine,tx_date,tx_host,tx_update) VALUES ('BOL1293','2020-07-08',4611,251,159,176,0,NOW(),'192.168.1.5',NOW());
INSERT INTO day_department(id_department,date,actives,deaths,recovered,new_cases,vaccine,tx_date,tx_host,tx_update) VALUES ('BOL1293','2020-07-07',4435,248,156,103,0,NOW(),'192.168.1.5',NOW());
INSERT INTO day_department(id_department,date,actives,deaths,recovered,new_cases,vaccine,tx_date,tx_host,tx_update) VALUES ('BOL1293','2020-07-06',4332,244,152,57,0,NOW(),'192.168.1.5',NOW());
INSERT INTO day_department(id_department,date,actives,deaths,recovered,new_cases,vaccine,tx_date,tx_host,tx_update) VALUES ('BOL1293','2020-07-05',4275,241,150,0,0,NOW(),'192.168.1.5',NOW());
INSERT INTO day_department(id_department,date,actives,deaths,recovered,new_cases,vaccine,tx_date,tx_host,tx_update) VALUES ('BOL1293','2020-07-04',4275,239,150,10,0,NOW(),'192.168.1.5',NOW());
INSERT INTO day_department(id_department,date,actives,deaths,recovered,new_cases,vaccine,tx_date,tx_host,tx_update) VALUES ('BOL1293','2020-07-03',4265,236,149,62,0,NOW(),'192.168.1.5',NOW());
INSERT INTO day_department(id_department,date,actives,deaths,recovered,new_cases,vaccine,tx_date,tx_host,tx_update) VALUES ('BOL1293','2020-07-02',4203,233,147,30,0,NOW(),'192.168.1.5',NOW());
INSERT INTO day_department(id_department,date,actives,deaths,recovered,new_cases,vaccine,tx_date,tx_host,tx_update) VALUES ('BOL1293','2020-07-01',4173,232,136,54,0,NOW(),'192.168.1.5',NOW());
INSERT INTO day_department(id_department,date,actives,deaths,recovered,new_cases,vaccine,tx_date,tx_host,tx_update) VALUES ('BOL1293','2020-06-30',4119,230,131,44,0,NOW(),'192.168.1.5',NOW());
INSERT INTO day_department(id_department,date,actives,deaths,recovered,new_cases,vaccine,tx_date,tx_host,tx_update) VALUES ('BOL1293','2020-06-29',4075,225,98,34,0,NOW(),'192.168.1.5',NOW());
INSERT INTO day_department(id_department,date,actives,deaths,recovered,new_cases,vaccine,tx_date,tx_host,tx_update) VALUES ('BOL1293','2020-06-28',4041,218,98,66,0,NOW(),'192.168.1.5',NOW());
INSERT INTO day_department(id_department,date,actives,deaths,recovered,new_cases,vaccine,tx_date,tx_host,tx_update) VALUES ('BOL1293','2020-06-27',3975,214,95,41,0,NOW(),'192.168.1.5',NOW());
INSERT INTO day_department(id_department,date,actives,deaths,recovered,new_cases,vaccine,tx_date,tx_host,tx_update) VALUES ('BOL1293','2020-06-26',3934,212,88,14,0,NOW(),'192.168.1.5',NOW());
INSERT INTO day_department(id_department,date,actives,deaths,recovered,new_cases,vaccine,tx_date,tx_host,tx_update) VALUES ('BOL1293','2020-06-25',3920,206,87,33,0,NOW(),'192.168.1.5',NOW());
INSERT INTO day_department(id_department,date,actives,deaths,recovered,new_cases,vaccine,tx_date,tx_host,tx_update) VALUES ('BOL1293','2020-06-24',3887,203,80,102,0,NOW(),'192.168.1.5',NOW());
INSERT INTO day_department(id_department,date,actives,deaths,recovered,new_cases,vaccine,tx_date,tx_host,tx_update) VALUES ('BOL1293','2020-06-23',3785,199,73,106,0,NOW(),'192.168.1.5',NOW());
INSERT INTO day_department(id_department,date,actives,deaths,recovered,new_cases,vaccine,tx_date,tx_host,tx_update) VALUES ('BOL1293','2020-06-22',3679,191,65,66,0,NOW(),'192.168.1.5',NOW());
INSERT INTO day_department(id_department,date,actives,deaths,recovered,new_cases,vaccine,tx_date,tx_host,tx_update) VALUES ('BOL1293','2020-06-21',3613,184,56,32,0,NOW(),'192.168.1.5',NOW());
INSERT INTO day_department(id_department,date,actives,deaths,recovered,new_cases,vaccine,tx_date,tx_host,tx_update) VALUES ('BOL1293','2020-06-20',3581,178,56,108,0,NOW(),'192.168.1.5',NOW());
INSERT INTO day_department(id_department,date,actives,deaths,recovered,new_cases,vaccine,tx_date,tx_host,tx_update) VALUES ('BOL1293','2020-06-19',3473,171,54,147,0,NOW(),'192.168.1.5',NOW());
INSERT INTO day_department(id_department,date,actives,deaths,recovered,new_cases,vaccine,tx_date,tx_host,tx_update) VALUES ('BOL1293','2020-06-18',3326,167,53,198,0,NOW(),'192.168.1.5',NOW());
INSERT INTO day_department(id_department,date,actives,deaths,recovered,new_cases,vaccine,tx_date,tx_host,tx_update) VALUES ('BOL1293','2020-06-17',3128,163,51,134,0,NOW(),'192.168.1.5',NOW());
INSERT INTO day_department(id_department,date,actives,deaths,recovered,new_cases,vaccine,tx_date,tx_host,tx_update) VALUES ('BOL1293','2020-06-16',2994,163,48,32,0,NOW(),'192.168.1.5',NOW());
INSERT INTO day_department(id_department,date,actives,deaths,recovered,new_cases,vaccine,tx_date,tx_host,tx_update) VALUES ('BOL1293','2020-06-15',2962,159,46,8,0,NOW(),'192.168.1.5',NOW());
INSERT INTO day_department(id_department,date,actives,deaths,recovered,new_cases,vaccine,tx_date,tx_host,tx_update) VALUES ('BOL1293','2020-06-14',2954,152,46,10,0,NOW(),'192.168.1.5',NOW());
INSERT INTO day_department(id_department,date,actives,deaths,recovered,new_cases,vaccine,tx_date,tx_host,tx_update) VALUES ('BOL1293','2020-06-13',2944,148,46,17,0,NOW(),'192.168.1.5',NOW());
INSERT INTO day_department(id_department,date,actives,deaths,recovered,new_cases,vaccine,tx_date,tx_host,tx_update) VALUES ('BOL1293','2020-06-12',2927,139,44,118,0,NOW(),'192.168.1.5',NOW());
INSERT INTO day_department(id_department,date,actives,deaths,recovered,new_cases,vaccine,tx_date,tx_host,tx_update) VALUES ('BOL1293','2020-06-11',2809,137,35,31,0,NOW(),'192.168.1.5',NOW());
INSERT INTO day_department(id_department,date,actives,deaths,recovered,new_cases,vaccine,tx_date,tx_host,tx_update) VALUES ('BOL1293','2020-06-10',2778,131,34,86,0,NOW(),'192.168.1.5',NOW());
INSERT INTO day_department(id_department,date,actives,deaths,recovered,new_cases,vaccine,tx_date,tx_host,tx_update) VALUES ('BOL1293','2020-06-09',2692,126,26,127,0,NOW(),'192.168.1.5',NOW());
INSERT INTO day_department(id_department,date,actives,deaths,recovered,new_cases,vaccine,tx_date,tx_host,tx_update) VALUES ('BOL1293','2020-06-08',2565,121,22,54,0,NOW(),'192.168.1.5',NOW());
INSERT INTO day_department(id_department,date,actives,deaths,recovered,new_cases,vaccine,tx_date,tx_host,tx_update) VALUES ('BOL1293','2020-06-07',2511,121,22,39,0,NOW(),'192.168.1.5',NOW());
INSERT INTO day_department(id_department,date,actives,deaths,recovered,new_cases,vaccine,tx_date,tx_host,tx_update) VALUES ('BOL1293','2020-06-06',2472,118,16,44,0,NOW(),'192.168.1.5',NOW());
INSERT INTO day_department(id_department,date,actives,deaths,recovered,new_cases,vaccine,tx_date,tx_host,tx_update) VALUES ('BOL1293','2020-06-05',2428,114,15,150,0,NOW(),'192.168.1.5',NOW());
INSERT INTO day_department(id_department,date,actives,deaths,recovered,new_cases,vaccine,tx_date,tx_host,tx_update) VALUES ('BOL1293','2020-06-04',2278,109,14,177,0,NOW(),'192.168.1.5',NOW());
INSERT INTO day_department(id_department,date,actives,deaths,recovered,new_cases,vaccine,tx_date,tx_host,tx_update) VALUES ('BOL1293','2020-06-03',2101,104,10,136,0,NOW(),'192.168.1.5',NOW());
INSERT INTO day_department(id_department,date,actives,deaths,recovered,new_cases,vaccine,tx_date,tx_host,tx_update) VALUES ('BOL1293','2020-06-02',1965,98,8,80,0,NOW(),'192.168.1.5',NOW());
INSERT INTO day_department(id_department,date,actives,deaths,recovered,new_cases,vaccine,tx_date,tx_host,tx_update) VALUES ('BOL1293','2020-06-01',1885,92,8,76,0,NOW(),'192.168.1.5',NOW());
INSERT INTO day_department(id_department,date,actives,deaths,recovered,new_cases,vaccine,tx_date,tx_host,tx_update) VALUES ('BOL1293','2020-05-31',1809,92,8,102,0,NOW(),'192.168.1.5',NOW());
INSERT INTO day_department(id_department,date,actives,deaths,recovered,new_cases,vaccine,tx_date,tx_host,tx_update) VALUES ('BOL1293','2020-05-30',1707,89,8,131,0,NOW(),'192.168.1.5',NOW());
INSERT INTO day_department(id_department,date,actives,deaths,recovered,new_cases,vaccine,tx_date,tx_host,tx_update) VALUES ('BOL1293','2020-05-29',1576,86,8,70,0,NOW(),'192.168.1.5',NOW());
INSERT INTO day_department(id_department,date,actives,deaths,recovered,new_cases,vaccine,tx_date,tx_host,tx_update) VALUES ('BOL1293','2020-05-28',1506,84,8,151,0,NOW(),'192.168.1.5',NOW());
INSERT INTO day_department(id_department,date,actives,deaths,recovered,new_cases,vaccine,tx_date,tx_host,tx_update) VALUES ('BOL1293','2020-05-27',1355,80,8,113,0,NOW(),'192.168.1.5',NOW());
INSERT INTO day_department(id_department,date,actives,deaths,recovered,new_cases,vaccine,tx_date,tx_host,tx_update) VALUES ('BOL1293','2020-05-26',1242,77,8,100,0,NOW(),'192.168.1.5',NOW());
INSERT INTO day_department(id_department,date,actives,deaths,recovered,new_cases,vaccine,tx_date,tx_host,tx_update) VALUES ('BOL1293','2020-05-25',1142,72,7,45,0,NOW(),'192.168.1.5',NOW());
INSERT INTO day_department(id_department,date,actives,deaths,recovered,new_cases,vaccine,tx_date,tx_host,tx_update) VALUES ('BOL1293','2020-05-24',1097,71,4,0,0,NOW(),'192.168.1.5',NOW());
INSERT INTO day_department(id_department,date,actives,deaths,recovered,new_cases,vaccine,tx_date,tx_host,tx_update) VALUES ('BOL1293','2020-05-23',1097,67,4,82,0,NOW(),'192.168.1.5',NOW());
INSERT INTO day_department(id_department,date,actives,deaths,recovered,new_cases,vaccine,tx_date,tx_host,tx_update) VALUES ('BOL1293','2020-05-22',1015,66,4,113,0,NOW(),'192.168.1.5',NOW());
INSERT INTO day_department(id_department,date,actives,deaths,recovered,new_cases,vaccine,tx_date,tx_host,tx_update) VALUES ('BOL1293','2020-05-21',902,57,4,69,0,NOW(),'192.168.1.5',NOW());
INSERT INTO day_department(id_department,date,actives,deaths,recovered,new_cases,vaccine,tx_date,tx_host,tx_update) VALUES ('BOL1293','2020-05-20',833,54,4,154,0,NOW(),'192.168.1.5',NOW());
INSERT INTO day_department(id_department,date,actives,deaths,recovered,new_cases,vaccine,tx_date,tx_host,tx_update) VALUES ('BOL1293','2020-05-19',679,47,4,98,0,NOW(),'192.168.1.5',NOW());
INSERT INTO day_department(id_department,date,actives,deaths,recovered,new_cases,vaccine,tx_date,tx_host,tx_update) VALUES ('BOL1293','2020-05-18',581,41,4,30,0,NOW(),'192.168.1.5',NOW());
INSERT INTO day_department(id_department,date,actives,deaths,recovered,new_cases,vaccine,tx_date,tx_host,tx_update) VALUES ('BOL1293','2020-05-17',551,40,4,0,0,NOW(),'192.168.1.5',NOW());
INSERT INTO day_department(id_department,date,actives,deaths,recovered,new_cases,vaccine,tx_date,tx_host,tx_update) VALUES ('BOL1293','2020-05-16',551,39,4,3,0,NOW(),'192.168.1.5',NOW());
INSERT INTO day_department(id_department,date,actives,deaths,recovered,new_cases,vaccine,tx_date,tx_host,tx_update) VALUES ('BOL1293','2020-05-15',548,39,4,39,0,NOW(),'192.168.1.5',NOW());
INSERT INTO day_department(id_department,date,actives,deaths,recovered,new_cases,vaccine,tx_date,tx_host,tx_update) VALUES ('BOL1293','2020-05-14',509,35,1,73,0,NOW(),'192.168.1.5',NOW());
INSERT INTO day_department(id_department,date,actives,deaths,recovered,new_cases,vaccine,tx_date,tx_host,tx_update) VALUES ('BOL1293','2020-05-13',436,29,1,47,0,NOW(),'192.168.1.5',NOW());
INSERT INTO day_department(id_department,date,actives,deaths,recovered,new_cases,vaccine,tx_date,tx_host,tx_update) VALUES ('BOL1293','2020-05-12',389,26,1,0,0,NOW(),'192.168.1.5',NOW());
INSERT INTO day_department(id_department,date,actives,deaths,recovered,new_cases,vaccine,tx_date,tx_host,tx_update) VALUES ('BOL1293','2020-05-11',389,25,1,75,0,NOW(),'192.168.1.5',NOW());
INSERT INTO day_department(id_department,date,actives,deaths,recovered,new_cases,vaccine,tx_date,tx_host,tx_update) VALUES ('BOL1293','2020-05-10',314,23,1,2,0,NOW(),'192.168.1.5',NOW());
INSERT INTO day_department(id_department,date,actives,deaths,recovered,new_cases,vaccine,tx_date,tx_host,tx_update) VALUES ('BOL1293','2020-05-09',312,23,1,0,0,NOW(),'192.168.1.5',NOW());
INSERT INTO day_department(id_department,date,actives,deaths,recovered,new_cases,vaccine,tx_date,tx_host,tx_update) VALUES ('BOL1293','2020-05-08',312,19,1,81,0,NOW(),'192.168.1.5',NOW());
INSERT INTO day_department(id_department,date,actives,deaths,recovered,new_cases,vaccine,tx_date,tx_host,tx_update) VALUES ('BOL1293','2020-05-07',231,16,0,19,0,NOW(),'192.168.1.5',NOW());
INSERT INTO day_department(id_department,date,actives,deaths,recovered,new_cases,vaccine,tx_date,tx_host,tx_update) VALUES ('BOL1293','2020-05-06',212,8,0,0,0,NOW(),'192.168.1.5',NOW());
INSERT INTO day_department(id_department,date,actives,deaths,recovered,new_cases,vaccine,tx_date,tx_host,tx_update) VALUES ('BOL1293','2020-05-05',212,7,0,0,0,NOW(),'192.168.1.5',NOW());
INSERT INTO day_department(id_department,date,actives,deaths,recovered,new_cases,vaccine,tx_date,tx_host,tx_update) VALUES ('BOL1293','2020-05-04',212,6,0,0,0,NOW(),'192.168.1.5',NOW());
INSERT INTO day_department(id_department,date,actives,deaths,recovered,new_cases,vaccine,tx_date,tx_host,tx_update) VALUES ('BOL1293','2020-05-03',212,6,0,21,0,NOW(),'192.168.1.5',NOW());
INSERT INTO day_department(id_department,date,actives,deaths,recovered,new_cases,vaccine,tx_date,tx_host,tx_update) VALUES ('BOL1293','2020-05-02',191,4,0,108,0,NOW(),'192.168.1.5',NOW());
INSERT INTO day_department(id_department,date,actives,deaths,recovered,new_cases,vaccine,tx_date,tx_host,tx_update) VALUES ('BOL1293','2020-05-01',83,1,0,16,0,NOW(),'192.168.1.5',NOW());
INSERT INTO day_department(id_department,date,actives,deaths,recovered,new_cases,vaccine,tx_date,tx_host,tx_update) VALUES ('BOL1293','2020-04-30',67,1,0,0,0,NOW(),'192.168.1.5',NOW());
INSERT INTO day_department(id_department,date,actives,deaths,recovered,new_cases,vaccine,tx_date,tx_host,tx_update) VALUES ('BOL1293','2020-04-29',67,1,0,4,0,NOW(),'192.168.1.5',NOW());
INSERT INTO day_department(id_department,date,actives,deaths,recovered,new_cases,vaccine,tx_date,tx_host,tx_update) VALUES ('BOL1293','2020-04-28',63,1,0,1,0,NOW(),'192.168.1.5',NOW());
INSERT INTO day_department(id_department,date,actives,deaths,recovered,new_cases,vaccine,tx_date,tx_host,tx_update) VALUES ('BOL1293','2020-04-27',62,1,0,5,0,NOW(),'192.168.1.5',NOW());
INSERT INTO day_department(id_department,date,actives,deaths,recovered,new_cases,vaccine,tx_date,tx_host,tx_update) VALUES ('BOL1293','2020-04-26',57,1,0,18,0,NOW(),'192.168.1.5',NOW());
INSERT INTO day_department(id_department,date,actives,deaths,recovered,new_cases,vaccine,tx_date,tx_host,tx_update) VALUES ('BOL1293','2020-04-25',39,1,0,6,0,NOW(),'192.168.1.5',NOW());
INSERT INTO day_department(id_department,date,actives,deaths,recovered,new_cases,vaccine,tx_date,tx_host,tx_update) VALUES ('BOL1293','2020-04-24',33,1,0,31,0,NOW(),'192.168.1.5',NOW());
INSERT INTO day_department(id_department,date,actives,deaths,recovered,new_cases,vaccine,tx_date,tx_host,tx_update) VALUES ('BOL1293','2020-04-23',2,1,0,0,0,NOW(),'192.168.1.5',NOW());
INSERT INTO day_department(id_department,date,actives,deaths,recovered,new_cases,vaccine,tx_date,tx_host,tx_update) VALUES ('BOL1293','2020-04-22',2,1,0,0,0,NOW(),'192.168.1.5',NOW());
INSERT INTO day_department(id_department,date,actives,deaths,recovered,new_cases,vaccine,tx_date,tx_host,tx_update) VALUES ('BOL1293','2020-04-21',2,1,0,0,0,NOW(),'192.168.1.5',NOW());
INSERT INTO day_department(id_department,date,actives,deaths,recovered,new_cases,vaccine,tx_date,tx_host,tx_update) VALUES ('BOL1293','2020-04-20',2,0,0,2,0,NOW(),'192.168.1.5',NOW());


select * from h_day_department;