use covid_db;
-- Insert Continetes
START TRANSACTION;
INSERT INTO continent VALUES
('A','Africa'),
('AM','America'),
('AN','Antartida'),
('AS','Asia'),
('AO','Australia y Oceania'),
('EU','Europa'),
('NI','No information');
COMMIT;



-- Insert country
INSERT INTO country(name,lat,lng,id_country,id_Continent,population,year_census) VALUES ('Afghanistan',32.85,68.4167,'AFG','AS','38041754',2019);
INSERT INTO country(name,lat,lng,id_country,id_Continent,population,year_census) VALUES ('Angola',-18.0195,21.43,'AGO','A','31825295',2019);
INSERT INTO country(name,lat,lng,id_country,id_Continent,population,year_census) VALUES ('Albania',42.0333,19.8833,'ALB','EU','2854191',2019);
INSERT INTO country(name,lat,lng,id_country,id_Continent,population,year_census) VALUES ('Andorra',42.567,1.5981,'AND','EU','77142',2019);
INSERT INTO country(name,lat,lng,id_country,id_Continent,population,year_census) VALUES ('United Arab Emirates',25.4056,55.4618,'ARE','AS','9770529',2019);
INSERT INTO country(name,lat,lng,id_country,id_Continent,population,year_census) VALUES ('Argentina',-49.9745,-68.9035,'ARG','AM','44938712',2019);
INSERT INTO country(name,lat,lng,id_country,id_Continent,population,year_census) VALUES ('Armenia',40.8756,45.1492,'ARM','AS','2957731',2019);
INSERT INTO country(name,lat,lng,id_country,id_Continent,population,year_census) VALUES ('American Samoa',-14.274,-170.7046,'ASM','NI','55312',2019);
INSERT INTO country(name,lat,lng,id_country,id_Continent,population,year_census) VALUES ('Antigua And Barbuda',17.118,-61.85,'ATG','AM','97118',2019);
INSERT INTO country(name,lat,lng,id_country,id_Continent,population,year_census) VALUES ('Australia',-30.8996,135.3,'AUS','AO','25364307',2019);
INSERT INTO country(name,lat,lng,id_country,id_Continent,population,year_census) VALUES ('Austria',47.816,16.25,'AUT','EU','8877067',2019);
INSERT INTO country(name,lat,lng,id_country,id_Continent,population,year_census) VALUES ('Azerbaijan',40.9053,45.5564,'AZE','AS','10023318',2019);
INSERT INTO country(name,lat,lng,id_country,id_Continent,population,year_census) VALUES ('Burundi',-3.426,29.8436,'BDI','A','11530580',2019);
INSERT INTO country(name,lat,lng,id_country,id_Continent,population,year_census) VALUES ('Belgium',49.6833,5.8167,'BEL','EU','11484055',2019);
INSERT INTO country(name,lat,lng,id_country,id_Continent,population,year_census) VALUES ('Benin',7.9281,1.9756,'BEN','A','11801151',2019);
INSERT INTO country(name,lat,lng,id_country,id_Continent,population,year_census) VALUES ('Burkina Faso',13.4364,0.5304,'BFA','A','20321378',2019);
INSERT INTO country(name,lat,lng,id_country,id_Continent,population,year_census) VALUES ('Bangladesh',24.0004,89.25,'BGD','AS','163046161',2019);
INSERT INTO country(name,lat,lng,id_country,id_Continent,population,year_census) VALUES ('Bulgaria',44.1167,27.2667,'BGR','EU','6975761',2019);
INSERT INTO country(name,lat,lng,id_country,id_Continent,population,year_census) VALUES ('Bahrain',26.2361,50.5831,'BHR','AS','1641172',2019);
INSERT INTO country(name,lat,lng,id_country,id_Continent,population,year_census) VALUES ('Bahamas',26.5333,-78.7,'BHS','AM','389482',2019);
INSERT INTO country(name,lat,lng,id_country,id_Continent,population,year_census) VALUES ('Bosnia And Herzegovina',44.87,18.8101,'BIH','EU','3301000',2019);
INSERT INTO country(name,lat,lng,id_country,id_Continent,population,year_census) VALUES ('Belarus',55.4894,28.786,'BLR','NI','9466856',2019);
INSERT INTO country(name,lat,lng,id_country,id_Continent,population,year_census) VALUES ('Belize',16.1003,-88.81,'BLZ','AM','390353',2019);
INSERT INTO country(name,lat,lng,id_country,id_Continent,population,year_census) VALUES ('Bermuda',32.2942,-64.7839,'BMU','AM','63918',2019);
INSERT INTO country(name,lat,lng,id_country,id_Continent,population,year_census) VALUES ('Bolivia',-12.4996,-68.6666,'BOL','AM','11513100',2019);
INSERT INTO country(name,lat,lng,id_country,id_Continent,population,year_census) VALUES ('Brazil',-9.6954,-65.3597,'BRA','AM','211049527',2019);
INSERT INTO country(name,lat,lng,id_country,id_Continent,population,year_census) VALUES ('Barbados',13.102,-59.6165,'BRB','AM','287025',2019);
INSERT INTO country(name,lat,lng,id_country,id_Continent,population,year_census) VALUES ('Brunei',4.7086,115.0717,'BRN','AS','433285',2019);
INSERT INTO country(name,lat,lng,id_country,id_Continent,population,year_census) VALUES ('Bhutan',27.9067,89.7304,'BTN','AS','763092',2019);
INSERT INTO country(name,lat,lng,id_country,id_Continent,population,year_census) VALUES ('Botswana',-18.2996,21.8,'BWA','A','2303697',2019);
INSERT INTO country(name,lat,lng,id_country,id_Continent,population,year_census) VALUES ('Central African Republic',5.617,23.3167,'CAF','A','4745185',2019);
INSERT INTO country(name,lat,lng,id_country,id_Continent,population,year_census) VALUES ('Canada',61.1333,-100.8833,'CAN','AM','37589262',2019);
INSERT INTO country(name,lat,lng,id_country,id_Continent,population,year_census) VALUES ('Switzerland',47.37,7.345,'CHE','EU','8574832',2019);
INSERT INTO country(name,lat,lng,id_country,id_Continent,population,year_census) VALUES ('Chile',-20.9829,-69.6833,'CHL','AM','18952038',2019);
INSERT INTO country(name,lat,lng,id_country,id_Continent,population,year_census) VALUES ('China',29.5333,94.4167,'CHN','AS','1397715000',2019);
INSERT INTO country(name,lat,lng,id_country,id_Continent,population,year_census) VALUES ('Côte D’Ivoire',8.28,-7.684,'CIV','NI','25716544',2019);
INSERT INTO country(name,lat,lng,id_country,id_Continent,population,year_census) VALUES ('Cameroon',7.8504,13.6,'CMR','A','25876380',2019);
INSERT INTO country(name,lat,lng,id_country,id_Continent,population,year_census) VALUES ('Congo (Kinshasa)',1.0838,27.2666,'COD','A','86790567',2019);
INSERT INTO country(name,lat,lng,id_country,id_Continent,population,year_census) VALUES ('Congo (Brazzaville)',1.6404,14.58,'COG','A','5380508',2019);
INSERT INTO country(name,lat,lng,id_country,id_Continent,population,year_census) VALUES ('Cook Islands',-21.25,-159.75,'COK','A','86790567',2019);
INSERT INTO country(name,lat,lng,id_country,id_Continent,population,year_census) VALUES ('Colombia',2.0704,-74.64,'COL','AM','50339443',2019);
INSERT INTO country(name,lat,lng,id_country,id_Continent,population,year_census) VALUES ('Comoros',-12.1658,44.3983,'COM','A','850886',2019);
INSERT INTO country(name,lat,lng,id_country,id_Continent,population,year_census) VALUES ('Cabo Verde',14.9,-24.5167,'CPV','A','549935',2019);
INSERT INTO country(name,lat,lng,id_country,id_Continent,population,year_census) VALUES ('Costa Rica',9.5204,-82.62,'CRI','AM','5047561',2019);
INSERT INTO country(name,lat,lng,id_country,id_Continent,population,year_census) VALUES ('Cuba',22.5158,-79.4722,'CUB','AM','11333483',2019);
INSERT INTO country(name,lat,lng,id_country,id_Continent,population,year_census) VALUES ('Curaçao',12.2004,-69.02,'CWU','AM','11333483',2019);
INSERT INTO country(name,lat,lng,id_country,id_Continent,population,year_census) VALUES ('Cayman Islands',19.2804,-81.33,'CYM','AM','64948',2019);
INSERT INTO country(name,lat,lng,id_country,id_Continent,population,year_census) VALUES ('Cyprus',35.3363,33.3173,'CYP','AS','1198575',2019);
INSERT INTO country(name,lat,lng,id_country,id_Continent,population,year_census) VALUES ('Czechia',50.237,12.875,'CZE','EU','10669709',2019);
INSERT INTO country(name,lat,lng,id_country,id_Continent,population,year_census) VALUES ('Germany',48.567,13.4666,'DEU','EU','83132799',2019);
INSERT INTO country(name,lat,lng,id_country,id_Continent,population,year_census) VALUES ('Djibouti',11.5264,42.8519,'DJI','NI','973560',2019);
INSERT INTO country(name,lat,lng,id_country,id_Continent,population,year_census) VALUES ('Dominica',15.301,-61.387,'DMA','AM','71808',2019);
INSERT INTO country(name,lat,lng,id_country,id_Continent,population,year_census) VALUES ('Denmark',57.4337,10.5333,'DNK','EU','5818553',2019);
INSERT INTO country(name,lat,lng,id_country,id_Continent,population,year_census) VALUES ('Dominican Republic',18.717,-68.45,'DOM','AM','10738958',2019);
INSERT INTO country(name,lat,lng,id_country,id_Continent,population,year_census) VALUES ('Algeria',28.0503,9.55,'DZA','A','43053054',2019);
INSERT INTO country(name,lat,lng,id_country,id_Continent,population,year_census) VALUES ('Ecuador',-2.8543,-77.9363,'ECU','AM','17373662',2019);
INSERT INTO country(name,lat,lng,id_country,id_Continent,population,year_census) VALUES ('Egypt',23.946,35.4842,'EGY','A','100388073',2019);
INSERT INTO country(name,lat,lng,id_country,id_Continent,population,year_census) VALUES ('Eritrea',15.1104,36.6575,'ERI','A','0',2019);
INSERT INTO country(name,lat,lng,id_country,id_Continent,population,year_census) VALUES ('Spain',38.0833,-3.6334,'ESP','EU','47076781',2019);
INSERT INTO country(name,lat,lng,id_country,id_Continent,population,year_census) VALUES ('Estonia',59.4,27.2833,'EST','EU','1326590',2019);
INSERT INTO country(name,lat,lng,id_country,id_Continent,population,year_census) VALUES ('Ethiopia',8.149,35.537,'ETH','A','112078730',2019);
INSERT INTO country(name,lat,lng,id_country,id_Continent,population,year_census) VALUES ('Finland',66.6667,27.4167,'FIN','EU','5520314',2019);
INSERT INTO country(name,lat,lng,id_country,id_Continent,population,year_census) VALUES ('Fiji',-16.4166,179.3833,'FJI','AO','889953',2019);
INSERT INTO country(name,lat,lng,id_country,id_Continent,population,year_census) VALUES ('Falkland Islands (Islas Malvinas)',-51.7,-57.85,'FLK','A','112078730',2019);
INSERT INTO country(name,lat,lng,id_country,id_Continent,population,year_census) VALUES ('France',47.8004,3.5666,'FRA','EU','67059887',2019);
INSERT INTO country(name,lat,lng,id_country,id_Continent,population,year_census) VALUES ('Faroe Islands',62.03,-6.82,'FRO','EU','48678',2019);
INSERT INTO country(name,lat,lng,id_country,id_Continent,population,year_census) VALUES ('Micronesia',5.3261,163.0083,'FSM','AM','127575529',2019);
INSERT INTO country(name,lat,lng,id_country,id_Continent,population,year_census) VALUES ('Gabon',-0.3329,10.3832,'GAB','A','2172579',2019);
INSERT INTO country(name,lat,lng,id_country,id_Continent,population,year_census) VALUES ('UK',58.4333,-3.0834,'GBR','EU','66834405',2019);
INSERT INTO country(name,lat,lng,id_country,id_Continent,population,year_census) VALUES ('Georgia',42.2325,43.975,'GEO','AS','3720382',2019);
INSERT INTO country(name,lat,lng,id_country,id_Continent,population,year_census) VALUES ('Ghana',9.4337,-0.0167,'GHA','A','30417856',2019);
INSERT INTO country(name,lat,lng,id_country,id_Continent,population,year_census) VALUES ('Gibraltar',36.1324,-5.3781,'GIB','EU','33701',2019);
INSERT INTO country(name,lat,lng,id_country,id_Continent,population,year_census) VALUES ('Guinea',10.185,-14.043,'GIN','A','12771246',2019);
INSERT INTO country(name,lat,lng,id_country,id_Continent,population,year_census) VALUES ('Guadeloupe',16.2304,-61.44,'GLP','AM','112003',2019);
INSERT INTO country(name,lat,lng,id_country,id_Continent,population,year_census) VALUES ('Gambia',13.4336,-14.65,'GMB','A','2347706',2019);
INSERT INTO country(name,lat,lng,id_country,id_Continent,population,year_census) VALUES ('Guinea-Bissau',11.773,-15.195,'GNB','A','1920922',2019);
INSERT INTO country(name,lat,lng,id_country,id_Continent,population,year_census) VALUES ('Equatorial Guinea',1.1164,9.4186,'GNQ','A','1355986',2019);
INSERT INTO country(name,lat,lng,id_country,id_Continent,population,year_census) VALUES ('Greece',40.381,23.453,'GRC','EU','10716322',2019);
INSERT INTO country(name,lat,lng,id_country,id_Continent,population,year_census) VALUES ('Grenada',12.0526,-61.7416,'GRD','AM','112003',2019);
INSERT INTO country(name,lat,lng,id_country,id_Continent,population,year_census) VALUES ('Greenland',62.5333,-42.2167,'GRL','AM','56225',2019);
INSERT INTO country(name,lat,lng,id_country,id_Continent,population,year_census) VALUES ('Guatemala',16.7804,-90.12,'GTM','AM','16604026',2019);
INSERT INTO country(name,lat,lng,id_country,id_Continent,population,year_census) VALUES ('French Guiana',5.4804,-53.22,'GUF','EU','67059887',2019);
INSERT INTO country(name,lat,lng,id_country,id_Continent,population,year_census) VALUES ('Guam',13.4692,144.7332,'GUM','AO','167294',2019);
INSERT INTO country(name,lat,lng,id_country,id_Continent,population,year_census) VALUES ('Guyana',5.43,-58.25,'GUY','AM','782766',2019);
INSERT INTO country(name,lat,lng,id_country,id_Continent,population,year_census) VALUES ('Hong Kong',22.305,114.185,'HKG','AS','7507400',2019);
INSERT INTO country(name,lat,lng,id_country,id_Continent,population,year_census) VALUES ('Honduras',15.7504,-84.48,'HND','AM','9746117',2019);
INSERT INTO country(name,lat,lng,id_country,id_Continent,population,year_census) VALUES ('Croatia',44.8687,13.8481,'HRV','EU','4067500',2019);
INSERT INTO country(name,lat,lng,id_country,id_Continent,population,year_census) VALUES ('Haiti',18.4411,-73.0883,'HTI','AM','11263077',2019);
INSERT INTO country(name,lat,lng,id_country,id_Continent,population,year_census) VALUES ('Hungary',47.7837,19.1332,'HUN','EU','9769949',2019);
INSERT INTO country(name,lat,lng,id_country,id_Continent,population,year_census) VALUES ('Indonesia',4.217,108.2,'IDN','AS','270625568',2019);
INSERT INTO country(name,lat,lng,id_country,id_Continent,population,year_census) VALUES ('Isle Of Man',54.1504,-4.48,'IMN','EU','84584',2019);
INSERT INTO country(name,lat,lng,id_country,id_Continent,population,year_census) VALUES ('India',20.7197,70.9904,'IND','AS','1366417754',2019);
INSERT INTO country(name,lat,lng,id_country,id_Continent,population,year_census) VALUES ('Ireland',54.65,-8.1167,'IRL','EU','4941444',2019);
INSERT INTO country(name,lat,lng,id_country,id_Continent,population,year_census) VALUES ('Iran',34.5124,45.5772,'IRN','AS','82913906',2019);
INSERT INTO country(name,lat,lng,id_country,id_Continent,population,year_census) VALUES ('Iraq',33.0385,40.2845,'IRQ','AS','39309783',2019);
INSERT INTO country(name,lat,lng,id_country,id_Continent,population,year_census) VALUES ('Iceland',64.2723,-15.2139,'ISL','EU','361313',2019);
INSERT INTO country(name,lat,lng,id_country,id_Continent,population,year_census) VALUES ('Israel',31.9167,34.8667,'ISR','AS','9053300',2019);
INSERT INTO country(name,lat,lng,id_country,id_Continent,population,year_census) VALUES ('Italy',38.6666,16.1,'ITA','EU','60297396',2019);
INSERT INTO country(name,lat,lng,id_country,id_Continent,population,year_census) VALUES ('Jamaica',17.891,-76.329,'JAM','AM','2948279',2019);
INSERT INTO country(name,lat,lng,id_country,id_Continent,population,year_census) VALUES ('Jordan',32.3333,35.7528,'JOR','AS','10101694',2019);
INSERT INTO country(name,lat,lng,id_country,id_Continent,population,year_census) VALUES ('Japan',31.3833,130.85,'JPN','AS','126264931',2019);
INSERT INTO country(name,lat,lng,id_country,id_Continent,population,year_census) VALUES ('Kazakhstan',44.9387,74.0303,'KAZ','AS','18513930',2019);
INSERT INTO country(name,lat,lng,id_country,id_Continent,population,year_census) VALUES ('Kenya',-2.9828,38.4666,'KEN','A','52573973',2019);
INSERT INTO country(name,lat,lng,id_country,id_Continent,population,year_census) VALUES ('Kyrgyzstan',41.0307,73.2058,'KGZ','AS','6456900',2019);
INSERT INTO country(name,lat,lng,id_country,id_Continent,population,year_census) VALUES ('Cambodia',13.507,106.981,'KHM','AS','16486542',2019);
INSERT INTO country(name,lat,lng,id_country,id_Continent,population,year_census) VALUES ('Kiribati',1.3382,173.0176,'KIR','AO','117606',2019);
INSERT INTO country(name,lat,lng,id_country,id_Continent,population,year_census) VALUES ('Kosovo',42.9144,20.6897,'KIR1','AO','117606',2019);
INSERT INTO country(name,lat,lng,id_country,id_Continent,population,year_census) VALUES ('Saint Kitts And Nevis',17.302,-62.717,'KNA','NI','52834',2019);
INSERT INTO country(name,lat,lng,id_country,id_Continent,population,year_census) VALUES ('South Korea',36.9353,127.6897,'KOR','AS','51709098',2019);
INSERT INTO country(name,lat,lng,id_country,id_Continent,population,year_census) VALUES ('Kuwait',29.0769,48.0838,'KWT','AS','4207083',2019);
INSERT INTO country(name,lat,lng,id_country,id_Continent,population,year_census) VALUES ('Laos',19.3337,103.3666,'LAO','NI','7169455',2019);
INSERT INTO country(name,lat,lng,id_country,id_Continent,population,year_census) VALUES ('Lebanon',34.5428,36.0797,'LBN','AS','6855713',2019);
INSERT INTO country(name,lat,lng,id_country,id_Continent,population,year_census) VALUES ('Liberia',5.9161,-10.0525,'LBR','A','4937374',2019);
INSERT INTO country(name,lat,lng,id_country,id_Continent,population,year_census) VALUES ('Libya',28.5504,17.5834,'LBY','A','6777452',2019);
INSERT INTO country(name,lat,lng,id_country,id_Continent,population,year_census) VALUES ('Saint Lucia',14.002,-61,'LCA','NI','182790',2019);
INSERT INTO country(name,lat,lng,id_country,id_Continent,population,year_census) VALUES ('Liechtenstein',47.1182,9.5444,'LIE','EU','38019',2019);
INSERT INTO country(name,lat,lng,id_country,id_Continent,population,year_census) VALUES ('Sri Lanka',7.4839,80.3683,'LKA','AS','21803000',2019);
INSERT INTO country(name,lat,lng,id_country,id_Continent,population,year_census) VALUES ('Lesotho',-29.522,28.6084,'LSO','A','2125268',2019);
INSERT INTO country(name,lat,lng,id_country,id_Continent,population,year_census) VALUES ('Lithuania',54.2155,24.5754,'LTU','EU','2786844',2019);
INSERT INTO country(name,lat,lng,id_country,id_Continent,population,year_census) VALUES ('Luxembourg',49.7656,5.8908,'LUX','EU','619896',2019);
INSERT INTO country(name,lat,lng,id_country,id_Continent,population,year_census) VALUES ('Latvia',56.164,21.1627,'LVA','EU','1912789',2019);
INSERT INTO country(name,lat,lng,id_country,id_Continent,population,year_census) VALUES ('Macau',22.203,113.545,'MAC','EU','619896',2019);
INSERT INTO country(name,lat,lng,id_country,id_Continent,population,year_census) VALUES ('Morocco',29.7104,-9.74,'MAR','A','36471769',2019);
INSERT INTO country(name,lat,lng,id_country,id_Continent,population,year_census) VALUES ('Monaco',43.7396,7.4069,'MCO','EU','38964',2019);
INSERT INTO country(name,lat,lng,id_country,id_Continent,population,year_census) VALUES ('Moldova',47.2631,29.1608,'MDA','NI','2657637',2019);
INSERT INTO country(name,lat,lng,id_country,id_Continent,population,year_census) VALUES ('Madagascar',-25.0219,44.0749,'MDG','A','26969307',2019);
INSERT INTO country(name,lat,lng,id_country,id_Continent,population,year_census) VALUES ('Maldives',5.7669,73.4136,'MDV','NI','530953',2019);
INSERT INTO country(name,lat,lng,id_country,id_Continent,population,year_census) VALUES ('Mexico',28.9337,-114.1666,'MEX','AM','127575529',2019);
INSERT INTO country(name,lat,lng,id_country,id_Continent,population,year_census) VALUES ('Marshall Islands',7.103,171.38,'MHL','AO','58791',2019);
INSERT INTO country(name,lat,lng,id_country,id_Continent,population,year_census) VALUES ('Macedonia',41.1865,22.7203,'MKD','EU','2083459',2019);
INSERT INTO country(name,lat,lng,id_country,id_Continent,population,year_census) VALUES ('Mali',12.617,-11.4066,'MLI','A','19658031',2019);
INSERT INTO country(name,lat,lng,id_country,id_Continent,population,year_census) VALUES ('Malta',36.0556,14.2036,'MLT','EU','502653',2019);
INSERT INTO country(name,lat,lng,id_country,id_Continent,population,year_census) VALUES ('Burma',16.1619,94.7014,'MMR','NI','54045420',2019);
INSERT INTO country(name,lat,lng,id_country,id_Continent,population,year_census) VALUES ('Montenegro',43.1528,18.8394,'MNE','EU','622137',2019);
INSERT INTO country(name,lat,lng,id_country,id_Continent,population,year_census) VALUES ('Mongolia',48.9664,96.7833,'MNG','AS','3225167',2019);
INSERT INTO country(name,lat,lng,id_country,id_Continent,population,year_census) VALUES ('Northern Mariana Islands',15.2137,145.7546,'MNP','AS','25666161',2019);
INSERT INTO country(name,lat,lng,id_country,id_Continent,population,year_census) VALUES ('Mozambique',-21.9995,35.3166,'MOZ','A','30366036',2019);
INSERT INTO country(name,lat,lng,id_country,id_Continent,population,year_census) VALUES ('Mauritania',25.3804,-5.78,'MRT','A','4525696',2019);
INSERT INTO country(name,lat,lng,id_country,id_Continent,population,year_census) VALUES ('Martinique',14.6104,-61.08,'MTQ','AO','58791',2019);
INSERT INTO country(name,lat,lng,id_country,id_Continent,population,year_census) VALUES ('Mauritius',-20.3162,57.5166,'MUS','A','1265711',2019);
INSERT INTO country(name,lat,lng,id_country,id_Continent,population,year_census) VALUES ('Malawi',-16.55,35.1332,'MWI','A','18628747',2019);
INSERT INTO country(name,lat,lng,id_country,id_Continent,population,year_census) VALUES ('Malaysia',4.184,102.042,'MYS','AS','31949777',2019);
INSERT INTO country(name,lat,lng,id_country,id_Continent,population,year_census) VALUES ('Mayotte',-12.7871,45.275,'MYT','A','1265711',2019);
INSERT INTO country(name,lat,lng,id_country,id_Continent,population,year_census) VALUES ('Namibia',-19.64,17.342,'NAM','A','2494530',2019);
INSERT INTO country(name,lat,lng,id_country,id_Continent,population,year_census) VALUES ('New Caledonia',-20.9,167.2667,'NCL','AO','287800',2019);
INSERT INTO country(name,lat,lng,id_country,id_Continent,population,year_census) VALUES ('Niger',21.015,12.3075,'NER','A','23310715',2019);
INSERT INTO country(name,lat,lng,id_country,id_Continent,population,year_census) VALUES ('Nigeria',5.7837,7.0333,'NGA','A','200963599',2019);
INSERT INTO country(name,lat,lng,id_country,id_Continent,population,year_census) VALUES ('Nicaragua',10.9204,-83.7,'NIC','AM','6545502',2019);
INSERT INTO country(name,lat,lng,id_country,id_Continent,population,year_census) VALUES ('Netherlands',52.5176,5.474,'NLD','EU','17332850',2019);
INSERT INTO country(name,lat,lng,id_country,id_Continent,population,year_census) VALUES ('Norway',61.1833,6.85,'NOR','EU','5347896',2019);
INSERT INTO country(name,lat,lng,id_country,id_Continent,population,year_census) VALUES ('Nepal',29.25,82.2167,'NPL','AS','28608710',2019);
INSERT INTO country(name,lat,lng,id_country,id_Continent,population,year_census) VALUES ('New Zealand',-41.7638,171.6028,'NZL','AO','4917000',2019);
INSERT INTO country(name,lat,lng,id_country,id_Continent,population,year_census) VALUES ('Oman',16.9924,54.6918,'OMN','AS','4974986',2019);
INSERT INTO country(name,lat,lng,id_country,id_Continent,population,year_census) VALUES ('Pakistan',32.4522,71.4718,'PAK','AS','216565318',2019);
INSERT INTO country(name,lat,lng,id_country,id_Continent,population,year_census) VALUES ('Panama',7.519,-78.166,'PAN','AM','4246439',2019);
INSERT INTO country(name,lat,lng,id_country,id_Continent,population,year_census) VALUES ('Peru',-2.5161,-75.7666,'PER','AM','32510453',2019);
INSERT INTO country(name,lat,lng,id_country,id_Continent,population,year_census) VALUES ('Philippines',13.7177,123.7448,'PHL','AS','108116615',2019);
INSERT INTO country(name,lat,lng,id_country,id_Continent,population,year_census) VALUES ('Palau',7.4874,134.6265,'PLW','AO','18008',2019);
INSERT INTO country(name,lat,lng,id_country,id_Continent,population,year_census) VALUES ('Papua New Guinea',-10.0426,148.565,'PNG','AO','8776109',2019);
INSERT INTO country(name,lat,lng,id_country,id_Continent,population,year_census) VALUES ('Poland',52.7368,15.2288,'POL','EU','37970874',2019);
INSERT INTO country(name,lat,lng,id_country,id_Continent,population,year_census) VALUES ('Puerto Rico',18.1619,-65.7584,'PRI','AM','3193694',2019);
INSERT INTO country(name,lat,lng,id_country,id_Continent,population,year_census) VALUES ('North Korea',40.6171,125.4501,'PRK','AS','25666161',2019);
INSERT INTO country(name,lat,lng,id_country,id_Continent,population,year_census) VALUES ('Portugal',38.5347,-28.6448,'PRT','EU','10269417',2019);
INSERT INTO country(name,lat,lng,id_country,id_Continent,population,year_census) VALUES ('Paraguay',-22.64,-57.79,'PRY','AM','7044636',2019);
INSERT INTO country(name,lat,lng,id_country,id_Continent,population,year_census) VALUES ('French Polynesia',-17.5334,-149.5667,'PYF','AO','279287',2019);
INSERT INTO country(name,lat,lng,id_country,id_Continent,population,year_census) VALUES ('Qatar',26.1293,51.2009,'QAT','AS','2832067',2019);
INSERT INTO country(name,lat,lng,id_country,id_Continent,population,year_census) VALUES ('Reunion',-21.0335,55.7128,'REU','AS','2832067',2019);
INSERT INTO country(name,lat,lng,id_country,id_Continent,population,year_census) VALUES ('Romania',45.8833,22.9167,'ROU','EU','19356544',2019);
INSERT INTO country(name,lat,lng,id_country,id_Continent,population,year_census) VALUES ('Russia',74.0165,111.51,'RUS','EU','144373535',2019);
INSERT INTO country(name,lat,lng,id_country,id_Continent,population,year_census) VALUES ('Rwanda',-2.4833,29.5667,'RWA','A','12626950',2019);
INSERT INTO country(name,lat,lng,id_country,id_Continent,population,year_census) VALUES ('Saudi Arabia',19.1264,41.0789,'SAU','AS','34268528',2019);
INSERT INTO country(name,lat,lng,id_country,id_Continent,population,year_census) VALUES ('Sudan',19.6337,30.4166,'SDN','A','42813238',2019);
INSERT INTO country(name,lat,lng,id_country,id_Continent,population,year_census) VALUES ('Senegal',16.15,-13.5,'SEN','A','16296364',2019);
INSERT INTO country(name,lat,lng,id_country,id_Continent,population,year_census) VALUES ('Singapore',1.293,103.8558,'SGP','AS','5703569',2019);
INSERT INTO country(name,lat,lng,id_country,id_Continent,population,year_census) VALUES ('South Georgia And South Sandwich Islands',-54.2806,-36.508,'SGS','A','58558270',2019);
INSERT INTO country(name,lat,lng,id_country,id_Continent,population,year_census) VALUES ('Saint Helena',-37.0675,-12.3105,'SHN','A','12626950',2019);
INSERT INTO country(name,lat,lng,id_country,id_Continent,population,year_census) VALUES ('Solomon Islands',-11.5531,160.0647,'SLB','AO','669823',2019);
INSERT INTO country(name,lat,lng,id_country,id_Continent,population,year_census) VALUES ('Sierra Leone',8.4405,-10.85,'SLE','A','7813215',2019);
INSERT INTO country(name,lat,lng,id_country,id_Continent,population,year_census) VALUES ('El Salvador',13.7,-88.1,'SLV','AM','6453553',2019);
INSERT INTO country(name,lat,lng,id_country,id_Continent,population,year_census) VALUES ('San Marino',43.9261,12.4981,'SMR','NI','33860',2019);
INSERT INTO country(name,lat,lng,id_country,id_Continent,population,year_census) VALUES ('Sint Maarten',18.0255,-63.045,'SMX','AS','5703569',2019);
INSERT INTO country(name,lat,lng,id_country,id_Continent,population,year_census) VALUES ('Somalia',10.582,51.1233,'SOM','A','15442905',2019);
INSERT INTO country(name,lat,lng,id_country,id_Continent,population,year_census) VALUES ('Serbia',42.3071,21.65,'SRB','EU','6944975',2019);
INSERT INTO country(name,lat,lng,id_country,id_Continent,population,year_census) VALUES ('South Sudan',3.6,32.05,'SSD','A','11062113',2019);
INSERT INTO country(name,lat,lng,id_country,id_Continent,population,year_census) VALUES ('Sao Tome And Principe',1.645,7.412,'STP','NI','215056',2019);
INSERT INTO country(name,lat,lng,id_country,id_Continent,population,year_census) VALUES ('Suriname',5.02,-55.17,'SUR','AM','581363',2019);
INSERT INTO country(name,lat,lng,id_country,id_Continent,population,year_census) VALUES ('Slovakia',48.5837,19.1332,'SVK','EU','5454073',2019);
INSERT INTO country(name,lat,lng,id_country,id_Continent,population,year_census) VALUES ('Slovenia',46.3833,14.4667,'SVN','EU','2087946',2019);
INSERT INTO country(name,lat,lng,id_country,id_Continent,population,year_census) VALUES ('Sweden',61.352,16.3666,'SWE','EU','10285453',2019);
INSERT INTO country(name,lat,lng,id_country,id_Continent,population,year_census) VALUES ('Swaziland',-27,31.4167,'SWZ','NI','1148130',2019);
INSERT INTO country(name,lat,lng,id_country,id_Continent,population,year_census) VALUES ('Seychelles',-4.6166,55.45,'SYC','A','97625',2019);
INSERT INTO country(name,lat,lng,id_country,id_Continent,population,year_census) VALUES ('Syria',36.5888,37.0441,'SYR','AS','17070135',2019);
INSERT INTO country(name,lat,lng,id_country,id_Continent,population,year_census) VALUES ('Turks And Caicos Islands',21.4664,-71.136,'TCA','AM','38191',2019);
INSERT INTO country(name,lat,lng,id_country,id_Continent,population,year_census) VALUES ('Chad',20.4587,16.5278,'TCD','A','15946876',2019);
INSERT INTO country(name,lat,lng,id_country,id_Continent,population,year_census) VALUES ('Togo',8.557,0.985,'TGO','A','8082366',2019);
INSERT INTO country(name,lat,lng,id_country,id_Continent,population,year_census) VALUES ('Thailand',15.584,102.4186,'THA','AS','69625582',2019);
INSERT INTO country(name,lat,lng,id_country,id_Continent,population,year_census) VALUES ('Tajikistan',37.9794,68.689,'TJK','NI','9321018',2019);
INSERT INTO country(name,lat,lng,id_country,id_Continent,population,year_census) VALUES ('Turkmenistan',39.4362,53.1226,'TKM','AS','5942089',2019);
INSERT INTO country(name,lat,lng,id_country,id_Continent,population,year_census) VALUES ('Timor-Leste',-8.8575,126.3647,'TLS','AS','1293119',2019);
INSERT INTO country(name,lat,lng,id_country,id_Continent,population,year_census) VALUES ('Tonga',-18.6496,-173.9833,'TON','AO','104494',2019);
INSERT INTO country(name,lat,lng,id_country,id_Continent,population,year_census) VALUES ('Trinidad And Tobago',10.3059,-61.1756,'TTO','AM','1394973',2019);
INSERT INTO country(name,lat,lng,id_country,id_Continent,population,year_census) VALUES ('Tunisia',32.017,10.7,'TUN','A','11694719',2019);
INSERT INTO country(name,lat,lng,id_country,id_Continent,population,year_census) VALUES ('Turkey',38.5066,42.2816,'TUR','AS','83429615',2019);
INSERT INTO country(name,lat,lng,id_country,id_Continent,population,year_census) VALUES ('Tuvalu',-8.5167,179.2166,'TUV','AO','11646',2019);
INSERT INTO country(name,lat,lng,id_country,id_Continent,population,year_census) VALUES ('Taiwan',23.4611,120.2419,'TWN','AS','17070135',2019);
INSERT INTO country(name,lat,lng,id_country,id_Continent,population,year_census) VALUES ('Tanzania',-4.4565,30.2614,'TZA','A','58005463',2019);
INSERT INTO country(name,lat,lng,id_country,id_Continent,population,year_census) VALUES ('Uganda',1.7004,32.0699,'UGA','A','44269594',2019);
INSERT INTO country(name,lat,lng,id_country,id_Continent,population,year_census) VALUES ('Ukraine',51.3894,30.0989,'UKR','EU','44385155',2019);
INSERT INTO country(name,lat,lng,id_country,id_Continent,population,year_census) VALUES ('Uruguay',-33.47,-55.12,'URY','AM','3461734',2019);
INSERT INTO country(name,lat,lng,id_country,id_Continent,population,year_census) VALUES ('United States',43.5916,-71.0098,'USA','AM','328239523',2019);
INSERT INTO country(name,lat,lng,id_country,id_Continent,population,year_census) VALUES ('Uzbekistan',43.7683,59.0214,'UZB','AS','33580650',2019);
INSERT INTO country(name,lat,lng,id_country,id_Continent,population,year_census) VALUES ('Saint Vincent And The Grenadines',13.1483,-61.2121,'VCT','NI','110589',2019);
INSERT INTO country(name,lat,lng,id_country,id_Continent,population,year_census) VALUES ('Venezuela',7.3504,-62.5333,'VEN','AM','28515829',2019);
INSERT INTO country(name,lat,lng,id_country,id_Continent,population,year_census) VALUES ('Vietnam',21.74,103.343,'VNM','AS','96462106',2019);
INSERT INTO country(name,lat,lng,id_country,id_Continent,population,year_census) VALUES ('Vanuatu',-13.8761,167.5517,'VUT','AO','299882',2019);
INSERT INTO country(name,lat,lng,id_country,id_Continent,population,year_census) VALUES ('Wallis And Futuna',-14.2933,-178.1583,'WLF','AS','96462106',2019);
INSERT INTO country(name,lat,lng,id_country,id_Continent,population,year_census) VALUES ('West Bank',31.7764,35.2269,'WLF1','AS','96462106',2019);
INSERT INTO country(name,lat,lng,id_country,id_Continent,population,year_census) VALUES ('Samoa',-13.4489,-172.3352,'WSM','NI','197097',2019);
INSERT INTO country(name,lat,lng,id_country,id_Continent,population,year_census) VALUES ('Yemen',15.2105,51.2454,'YEM','AS','29161922',2019);
INSERT INTO country(name,lat,lng,id_country,id_Continent,population,year_census) VALUES ('South Africa',-27.5661,32.0833,'ZAF','A','58558270',2019);
INSERT INTO country(name,lat,lng,id_country,id_Continent,population,year_census) VALUES ('Zambia',-14.5495,30.81,'ZMB','A','17861030',2019);
INSERT INTO country(name,lat,lng,id_country,id_Continent,population,year_census) VALUES ('Zimbabwe',-20.4795,27.82,'ZWE','A','14645468',2019);


select * from country where id_country='TCA';


-- Insert departamentos
INSERT INTO department(id_department,id_country,name,population,year_census,lat,lng) VALUES ('BOL1291','BOL','Cochabamba',2026460,2019,-17.3895, -66.1568);
INSERT INTO department(id_department,id_country,name,population,year_census,lat,lng) VALUES ('BOL1292','BOL','Chuquisaca',640264,2019,-19.0333, -65.2627);
INSERT INTO department(id_department,id_country,name,population,year_census,lat,lng) VALUES ('BOL1293','BOL','Beni',489056,2019,-14.83333, -64.9);
INSERT INTO department(id_department,id_country,name,population,year_census,lat,lng) VALUES ('BOL1936','BOL','La Paz',2967180,2019,-16.5, -68.15);
INSERT INTO department(id_department,id_country,name,population,year_census,lat,lng) VALUES ('BOL1937','BOL','Oruro',539089,2019,-17.9833, -67.15);
INSERT INTO department(id_department,id_country,name,population,year_census,lat,lng) VALUES ('BOL1938','BOL','Pando',148612,2019,-11.0267, -68.7692);
INSERT INTO department(id_department,id_country,name,population,year_census,lat,lng) VALUES ('BOL1939','BOL','Potosi',891761,2019,-19.5836, -65.7531);
INSERT INTO department(id_department,id_country,name,population,year_census,lat,lng) VALUES ('BOL1940','BOL','Santa Cruz',3237223,2019,-17.7863, -63.1812);
INSERT INTO department(id_department,id_country,name,population,year_census,lat,lng) VALUES ('BOL1941','BOL','Tarija',572823,2019,-21.5355, -64.7295);


-- Insert municipios

INSERT INTO municipality(id_department,name,lat,lng,id_municipality,cases,year_census,vaccine,recovered,population,deaths) VALUES ('BOL1291','Aiquile',-18.20171,-65.18008,'c14',0,2019,0,0,21636,0);
INSERT INTO municipality(id_department,name,lat,lng,id_municipality,cases,year_census,vaccine,recovered,population,deaths) VALUES ('BOL1291','Anzaldo',-17.78343,-65.93570,'c28',0,2019,0,0,5396,0);
INSERT INTO municipality(id_department,name,lat,lng,id_municipality,cases,year_census,vaccine,recovered,population,deaths) VALUES ('BOL1291','Arani',-17.57277,-65.77040,'c18',0,2019,0,0,9214,0);
INSERT INTO municipality(id_department,name,lat,lng,id_municipality,cases,year_census,vaccine,recovered,population,deaths) VALUES ('BOL1291','Arbieto',-17.58174,-66.01530,'c24',0,2019,0,0,17622,0);
INSERT INTO municipality(id_department,name,lat,lng,id_municipality,cases,year_census,vaccine,recovered,population,deaths) VALUES ('BOL1291','Arque',-17.82132,-66.40175,'c39',0,2019,0,0,10262,0);
INSERT INTO municipality(id_department,name,lat,lng,id_municipality,cases,year_census,vaccine,recovered,population,deaths) VALUES ('BOL1291','Bolivar',-17.97007,-66.53704,'c37',0,2019,0,0,6660,0);
INSERT INTO municipality(id_department,name,lat,lng,id_municipality,cases,year_census,vaccine,recovered,population,deaths) VALUES ('BOL1291','Capinota',-17.71601,-66.26304,'c17',0,2019,0,0,20908,0);
INSERT INTO municipality(id_department,name,lat,lng,id_municipality,cases,year_census,vaccine,recovered,population,deaths) VALUES ('BOL1291','Chimore',-16.99443,-65.15092,'c12',0,2019,0,0,24191,0);
INSERT INTO municipality(id_department,name,lat,lng,id_municipality,cases,year_census,vaccine,recovered,population,deaths) VALUES ('BOL1291','Cliza',-17.59163,-65.93402,'c16',0,2019,0,0,22003,0);
INSERT INTO municipality(id_department,name,lat,lng,id_municipality,cases,year_census,vaccine,recovered,population,deaths) VALUES ('BOL1291','Cocapata',-16.83803,-66.63007,'c42',0,2019,0,0,17850,0);
INSERT INTO municipality(id_department,name,lat,lng,id_municipality,cases,year_census,vaccine,recovered,population,deaths) VALUES ('BOL1291','Cochabamba',-17.38146,-66.15878,'c0',0,2019,0,0,811338,0);
INSERT INTO municipality(id_department,name,lat,lng,id_municipality,cases,year_census,vaccine,recovered,population,deaths) VALUES ('BOL1291','Colcapirhua',-17.38957,-66.24127,'c5',0,2019,0,0,52598,0);
INSERT INTO municipality(id_department,name,lat,lng,id_municipality,cases,year_census,vaccine,recovered,population,deaths) VALUES ('BOL1291','Colomi',-17.33783,-65.86758,'c23',0,2019,0,0,20477,0);
INSERT INTO municipality(id_department,name,lat,lng,id_municipality,cases,year_census,vaccine,recovered,population,deaths) VALUES ('BOL1291','Cuchumuela (V. G.Villarroel)',-17.66584,-65.79572,'c41',0,2019,0,0,1620,0);
INSERT INTO municipality(id_department,name,lat,lng,id_municipality,cases,year_census,vaccine,recovered,population,deaths) VALUES ('BOL1291','Entre Rios (Bulo Bulo)',-17.26000,-64.34838,'c6',0,2019,0,0,36385,0);
INSERT INTO municipality(id_department,name,lat,lng,id_municipality,cases,year_census,vaccine,recovered,population,deaths) VALUES ('BOL1291','Independencia',-17.08394,-66.81768,'c25',0,2019,0,0,22829,0);
INSERT INTO municipality(id_department,name,lat,lng,id_municipality,cases,year_census,vaccine,recovered,population,deaths) VALUES ('BOL1291','Mizque',-17.94303,-65.34284,'c15',0,2019,0,0,28387,0);
INSERT INTO municipality(id_department,name,lat,lng,id_municipality,cases,year_census,vaccine,recovered,population,deaths) VALUES ('BOL1291','Morochata',-17.23462,-66.53190,'c43',0,2019,0,0,10988,0);
INSERT INTO municipality(id_department,name,lat,lng,id_municipality,cases,year_census,vaccine,recovered,population,deaths) VALUES ('BOL1291','Omereque',-18.10828,-64.90838,'c32',0,2019,0,0,4608,0);
INSERT INTO municipality(id_department,name,lat,lng,id_municipality,cases,year_census,vaccine,recovered,population,deaths) VALUES ('BOL1291','Pasorapa',-18.32161,-64.67490,'c33',0,2019,0,0,2892,0);
INSERT INTO municipality(id_department,name,lat,lng,id_municipality,cases,year_census,vaccine,recovered,population,deaths) VALUES ('BOL1291','Pocona',-17.67521,-65.41995,'c27',0,2019,0,0,9563,0);
INSERT INTO municipality(id_department,name,lat,lng,id_municipality,cases,year_census,vaccine,recovered,population,deaths) VALUES ('BOL1291','Pojo',-17.75758,-64.86565,'c35',0,2019,0,0,10285,0);
INSERT INTO municipality(id_department,name,lat,lng,id_municipality,cases,year_census,vaccine,recovered,population,deaths) VALUES ('BOL1291','Puerto Villarroel',-16.83879,-64.79333,'c4',0,2019,0,0,59632,0);
INSERT INTO municipality(id_department,name,lat,lng,id_municipality,cases,year_census,vaccine,recovered,population,deaths) VALUES ('BOL1291','Punata',-17.54614,-65.83848,'c8',0,2019,0,0,40925,0);
INSERT INTO municipality(id_department,name,lat,lng,id_municipality,cases,year_census,vaccine,recovered,population,deaths) VALUES ('BOL1291','Quillacollo',-17.39548,-66.27979,'c1',0,2019,0,0,166281,0);
INSERT INTO municipality(id_department,name,lat,lng,id_municipality,cases,year_census,vaccine,recovered,population,deaths) VALUES ('BOL1291','Sacaba',-17.40212,-66.03912,'c2',0,2019,0,0,178727,0);
INSERT INTO municipality(id_department,name,lat,lng,id_municipality,cases,year_census,vaccine,recovered,population,deaths) VALUES ('BOL1291','Sacabamba',-17.81174,-65.77650,'c44',0,2019,0,0,3250,0);
INSERT INTO municipality(id_department,name,lat,lng,id_municipality,cases,year_census,vaccine,recovered,population,deaths) VALUES ('BOL1291','San Benito',-17.52270,-65.89441,'c13',0,2019,0,0,11007,0);
INSERT INTO municipality(id_department,name,lat,lng,id_municipality,cases,year_census,vaccine,recovered,population,deaths) VALUES ('BOL1291','SantibaÃƒÆ’Ã‚Â±ez',-17.55036,-66.24801,'c22',0,2019,0,0,6601,0);
INSERT INTO municipality(id_department,name,lat,lng,id_municipality,cases,year_census,vaccine,recovered,population,deaths) VALUES ('BOL1291','Shinahota',-16.99359,-65.24534,'c10',0,2019,0,0,25493,0);
INSERT INTO municipality(id_department,name,lat,lng,id_municipality,cases,year_census,vaccine,recovered,population,deaths) VALUES ('BOL1291','Sicaya',-17.80057,-66.33381,'c36',0,2019,0,0,3909,0);
INSERT INTO municipality(id_department,name,lat,lng,id_municipality,cases,year_census,vaccine,recovered,population,deaths) VALUES ('BOL1291','Sipe Sipe',-17.45419,-66.35423,'c9',0,2019,0,0,46350,0);
INSERT INTO municipality(id_department,name,lat,lng,id_municipality,cases,year_census,vaccine,recovered,population,deaths) VALUES ('BOL1291','Tacachi',-17.64193,-65.80124,'c45',0,2019,0,0,617000,0);
INSERT INTO municipality(id_department,name,lat,lng,id_municipality,cases,year_census,vaccine,recovered,population,deaths) VALUES ('BOL1291','Tacopaya',-17.83740,-66.53466,'c38',0,2019,0,0,7741,0);
INSERT INTO municipality(id_department,name,lat,lng,id_municipality,cases,year_census,vaccine,recovered,population,deaths) VALUES ('BOL1291','Tapacari',-17.52116,-66.61645,'c30',0,2019,0,0,23403,0);
INSERT INTO municipality(id_department,name,lat,lng,id_municipality,cases,year_census,vaccine,recovered,population,deaths) VALUES ('BOL1291','Tarata',-17.61301,-66.02419,'c20',0,2019,0,0,9852,0);
INSERT INTO municipality(id_department,name,lat,lng,id_municipality,cases,year_census,vaccine,recovered,population,deaths) VALUES ('BOL1291','Tiquipaya',-17.33813,-66.21958,'c3',0,2019,0,0,61959,0);
INSERT INTO municipality(id_department,name,lat,lng,id_municipality,cases,year_census,vaccine,recovered,population,deaths) VALUES ('BOL1291','Tiraque',-17.42738,-65.72363,'c31',0,2019,0,0,20969,0);
INSERT INTO municipality(id_department,name,lat,lng,id_municipality,cases,year_census,vaccine,recovered,population,deaths) VALUES ('BOL1291','Toko',-17.62543,-65.92906,'c26',0,2019,0,0,5688,0);
INSERT INTO municipality(id_department,name,lat,lng,id_municipality,cases,year_census,vaccine,recovered,population,deaths) VALUES ('BOL1291','Tolata',-17.53391,-65.96260,'c19',0,2019,0,0,5613,0);
INSERT INTO municipality(id_department,name,lat,lng,id_municipality,cases,year_census,vaccine,recovered,population,deaths) VALUES ('BOL1291','Totora',-17.73650,-65.19116,'c21',0,2019,0,0,15948,0);
INSERT INTO municipality(id_department,name,lat,lng,id_municipality,cases,year_census,vaccine,recovered,population,deaths) VALUES ('BOL1291','Vacas',-17.57533,-65.58025,'c34',0,2019,0,0,8305,0);
INSERT INTO municipality(id_department,name,lat,lng,id_municipality,cases,year_census,vaccine,recovered,population,deaths) VALUES ('BOL1291','Vila Vila',-17.98165,-65.63178,'c40',0,2019,0,0,4592,0);
INSERT INTO municipality(id_department,name,lat,lng,id_municipality,cases,year_census,vaccine,recovered,population,deaths) VALUES ('BOL1291','Villa Rivero',-17.61631,-65.81284,'c29',0,2019,0,0,7575,0);
INSERT INTO municipality(id_department,name,lat,lng,id_municipality,cases,year_census,vaccine,recovered,population,deaths) VALUES ('BOL1291','Villa Tunari',-16.97305,-65.41960,'c11',0,2019,0,0,83719,0);
INSERT INTO municipality(id_department,name,lat,lng,id_municipality,cases,year_census,vaccine,recovered,population,deaths) VALUES ('BOL1291','Vinto',-17.38240,-66.31645,'c7',0,2019,0,0,57974,0);
INSERT INTO municipality(id_department,name,lat,lng,id_municipality,cases,year_census,vaccine,recovered,population,deaths) VALUES ('BOL1292','Camargo',-20.64063,-65.21004,'ch26',0,2019,0,0,15292,0);
INSERT INTO municipality(id_department,name,lat,lng,id_municipality,cases,year_census,vaccine,recovered,population,deaths) VALUES ('BOL1292','Culpina',-20.82351,-64.94338,'ch23',0,2019,0,0,17257.000,0);
INSERT INTO municipality(id_department,name,lat,lng,id_municipality,cases,year_census,vaccine,recovered,population,deaths) VALUES ('BOL1292','El Villar',-19.62884,-64.30961,'ch17',0,2019,0,0,4090.000,0);
INSERT INTO municipality(id_department,name,lat,lng,id_municipality,cases,year_census,vaccine,recovered,population,deaths) VALUES ('BOL1292','Huacaya',-20.74366,-63.66465,'ch8',0,2019,0,0,2493.000,0);
INSERT INTO municipality(id_department,name,lat,lng,id_municipality,cases,year_census,vaccine,recovered,population,deaths) VALUES ('BOL1292','Icla',-19.36343,-64.79311,'ch9',0,2019,0,0,7951.000,0);
INSERT INTO municipality(id_department,name,lat,lng,id_municipality,cases,year_census,vaccine,recovered,population,deaths) VALUES ('BOL1292','Incahuasi',-20.78370,-64.86733,'ch15',0,2019,0,0,12442.000,0);
INSERT INTO municipality(id_department,name,lat,lng,id_municipality,cases,year_census,vaccine,recovered,population,deaths) VALUES ('BOL1292','Las Carretas',-21.21113,-65.20719,'ch2',0,2019,0,0,3121.000,0);
INSERT INTO municipality(id_department,name,lat,lng,id_municipality,cases,year_census,vaccine,recovered,population,deaths) VALUES ('BOL1292','Machareti',-20.81457,-63.36119,'ch20',0,2019,0,0,7084.000,0);
INSERT INTO municipality(id_department,name,lat,lng,id_municipality,cases,year_census,vaccine,recovered,population,deaths) VALUES ('BOL1292','Monteagudo',-19.79989,-63.95477,'ch27',0,2019,0,0,24515.000,0);
INSERT INTO municipality(id_department,name,lat,lng,id_municipality,cases,year_census,vaccine,recovered,population,deaths) VALUES ('BOL1292','Muyupampa (Villa Vaca Guzman)',-19.89323,-63.74867,'ch25',0,2019,0,0,9407.000,0);
INSERT INTO municipality(id_department,name,lat,lng,id_municipality,cases,year_census,vaccine,recovered,population,deaths) VALUES ('BOL1292','Padilla',-19.30731,-64.30197,'ch24',0,2019,0,0,10156.000,0);
INSERT INTO municipality(id_department,name,lat,lng,id_municipality,cases,year_census,vaccine,recovered,population,deaths) VALUES ('BOL1292','Poroma',-18.53791,-65.42504,'ch0',0,2019,0,0,15828.000,0);
INSERT INTO municipality(id_department,name,lat,lng,id_municipality,cases,year_census,vaccine,recovered,population,deaths) VALUES ('BOL1292','Presto',-18.93018,-64.93697,'ch12',0,2019,0,0,10223.000,0);
INSERT INTO municipality(id_department,name,lat,lng,id_municipality,cases,year_census,vaccine,recovered,population,deaths) VALUES ('BOL1292','San Lucas',-20.10198,-65.13356,'ch18',0,2019,0,0,31193.000,0);
INSERT INTO municipality(id_department,name,lat,lng,id_municipality,cases,year_census,vaccine,recovered,population,deaths) VALUES ('BOL1292','San Pablo de Huacareta',-20.36678,-64.00274,'ch21',0,2019,0,0,8169.000,0);
INSERT INTO municipality(id_department,name,lat,lng,id_municipality,cases,year_census,vaccine,recovered,population,deaths) VALUES ('BOL1292','Sopachuy',-19.48702,-64.47473,'ch5',0,2019,0,0,6098.000,0);
INSERT INTO municipality(id_department,name,lat,lng,id_municipality,cases,year_census,vaccine,recovered,population,deaths) VALUES ('BOL1292','Sucre',-19.04652,-65.26017,'ch28',0,2019,0,0,341258.000,0);
INSERT INTO municipality(id_department,name,lat,lng,id_municipality,cases,year_census,vaccine,recovered,population,deaths) VALUES ('BOL1292','Tarabuco',-19.18115,-64.91542,'ch7',0,2019,0,0,15582.000,0);
INSERT INTO municipality(id_department,name,lat,lng,id_municipality,cases,year_census,vaccine,recovered,population,deaths) VALUES ('BOL1292','Tarvita (Villa Arias)',-19.92603,-64.48361,'ch3',0,2019,0,0,13858.000,0);
INSERT INTO municipality(id_department,name,lat,lng,id_municipality,cases,year_census,vaccine,recovered,population,deaths) VALUES ('BOL1292','Tomina',-19.18543,-64.46060,'ch1',0,2019,0,0,8821.000,0);
INSERT INTO municipality(id_department,name,lat,lng,id_municipality,cases,year_census,vaccine,recovered,population,deaths) VALUES ('BOL1292','Villa Abecia',-20.97397,-65.23101,'ch10',0,2019,0,0,3143.000,0);
INSERT INTO municipality(id_department,name,lat,lng,id_municipality,cases,year_census,vaccine,recovered,population,deaths) VALUES ('BOL1292','Villa Alcala',-19.36628,-64.38930,'ch16',0,2019,0,0,2665.000,0);
INSERT INTO municipality(id_department,name,lat,lng,id_municipality,cases,year_census,vaccine,recovered,population,deaths) VALUES ('BOL1292','Villa Azurduy',-20.10565,-64.41359,'ch13',0,2019,0,0,10950.000,0);
INSERT INTO municipality(id_department,name,lat,lng,id_municipality,cases,year_census,vaccine,recovered,population,deaths) VALUES ('BOL1292','Villa Charcas',-20.72470,-64.88639,'ch11',0,2019,0,0,15436.000,0);
INSERT INTO municipality(id_department,name,lat,lng,id_municipality,cases,year_census,vaccine,recovered,population,deaths) VALUES ('BOL1292','Villa Mojocoya',-18.76336,-64.61790,'ch4',0,2019,0,0,7687.000,0);
INSERT INTO municipality(id_department,name,lat,lng,id_municipality,cases,year_census,vaccine,recovered,population,deaths) VALUES ('BOL1292','Villa Serrano',-19.12321,-64.32326,'ch22',0,2019,0,0,10273.000,0);
INSERT INTO municipality(id_department,name,lat,lng,id_municipality,cases,year_census,vaccine,recovered,population,deaths) VALUES ('BOL1292','Yamparaez',-19.18912,-65.11810,'ch14',0,2019,0,0,8566.000,0);
INSERT INTO municipality(id_department,name,lat,lng,id_municipality,cases,year_census,vaccine,recovered,population,deaths) VALUES ('BOL1292','Yotala',-19.16209,-65.26438,'ch19',0,2019,0,0,8938.000,0);
INSERT INTO municipality(id_department,name,lat,lng,id_municipality,cases,year_census,vaccine,recovered,population,deaths) VALUES ('BOL1292','ZudaÃƒÆ’Ã‚Â±ez',-19.11978,-64.69890,'ch6',0,2019,0,0,7768.000,0);
INSERT INTO municipality(id_department,name,lat,lng,id_municipality,cases,year_census,vaccine,recovered,population,deaths) VALUES ('BOL1293','Baures',-13.65543,-63.69585,'be6',0,2019,0,0,5299.000,0);
INSERT INTO municipality(id_department,name,lat,lng,id_municipality,cases,year_census,vaccine,recovered,population,deaths) VALUES ('BOL1293','Exaltacion',-13.32008,-65.25040,'be4',0,2019,0,0,4292.000,0);
INSERT INTO municipality(id_department,name,lat,lng,id_municipality,cases,year_census,vaccine,recovered,population,deaths) VALUES ('BOL1293','Guayaramerin',-10.81650,-65.35465,'be16',0,2019,0,0,48521.000,0);
INSERT INTO municipality(id_department,name,lat,lng,id_municipality,cases,year_census,vaccine,recovered,population,deaths) VALUES ('BOL1293','Huacaraje',-13.59281,-63.88020,'be2',0,2019,0,0,3822.000,0);
INSERT INTO municipality(id_department,name,lat,lng,id_municipality,cases,year_census,vaccine,recovered,population,deaths) VALUES ('BOL1293','Loreto',-15.19369,-64.76026,'be3',0,2019,0,0,2786.000,0);
INSERT INTO municipality(id_department,name,lat,lng,id_municipality,cases,year_census,vaccine,recovered,population,deaths) VALUES ('BOL1293','Magdalena',-13.26242,-64.05451,'be9',0,2019,0,0,11740.000,0);
INSERT INTO municipality(id_department,name,lat,lng,id_municipality,cases,year_census,vaccine,recovered,population,deaths) VALUES ('BOL1293','Puerto Siles',-12.79933,-65.00226,'be0',0,2019,0,0,1100.000,0);
INSERT INTO municipality(id_department,name,lat,lng,id_municipality,cases,year_census,vaccine,recovered,population,deaths) VALUES ('BOL1293','Reyes',-14.29633,-67.33618,'be10',0,2019,0,0,11625.000,0);
INSERT INTO municipality(id_department,name,lat,lng,id_municipality,cases,year_census,vaccine,recovered,population,deaths) VALUES ('BOL1293','Riberalta',-11.00176,-66.07150,'be17',0,2019,0,0,109620.000,0);
INSERT INTO municipality(id_department,name,lat,lng,id_municipality,cases,year_census,vaccine,recovered,population,deaths) VALUES ('BOL1293','Rurrenabaque',-14.44174,-67.52844,'be14',0,2019,0,0,20574.000,0);
INSERT INTO municipality(id_department,name,lat,lng,id_municipality,cases,year_census,vaccine,recovered,population,deaths) VALUES ('BOL1293','San Andres',-15.02287,-64.66618,'be8',0,2019,0,0,11119.000,0);
INSERT INTO municipality(id_department,name,lat,lng,id_municipality,cases,year_census,vaccine,recovered,population,deaths) VALUES ('BOL1293','San Borja',-14.85818,-66.74711,'be13',0,2019,0,0,39719.000,0);
INSERT INTO municipality(id_department,name,lat,lng,id_municipality,cases,year_census,vaccine,recovered,population,deaths) VALUES ('BOL1293','San Ignacio',-14.99635,-65.63757,'be7',0,2019,0,0,19794.000,0);
INSERT INTO municipality(id_department,name,lat,lng,id_municipality,cases,year_census,vaccine,recovered,population,deaths) VALUES ('BOL1293','San Javier',-14.59999,-64.88095,'be1',0,2019,0,0,3977.000,0);
INSERT INTO municipality(id_department,name,lat,lng,id_municipality,cases,year_census,vaccine,recovered,population,deaths) VALUES ('BOL1293','San Joaquin',-13.04112,-64.66786,'be11',0,2019,0,0,6017.000,0);
INSERT INTO municipality(id_department,name,lat,lng,id_municipality,cases,year_census,vaccine,recovered,population,deaths) VALUES ('BOL1293','San Ramon',-13.26558,-64.61682,'be5',0,2019,0,0,5062.000,0);
INSERT INTO municipality(id_department,name,lat,lng,id_municipality,cases,year_census,vaccine,recovered,population,deaths) VALUES ('BOL1293','Santa Ana de Yacuma',-13.74425,-65.42735,'be15',0,2019,0,0,18386.000,0);
INSERT INTO municipality(id_department,name,lat,lng,id_municipality,cases,year_census,vaccine,recovered,population,deaths) VALUES ('BOL1293','Santa Rosa',-14.07926,-66.79184,'be12',0,2019,0,0,9829.000,0);
INSERT INTO municipality(id_department,name,lat,lng,id_municipality,cases,year_census,vaccine,recovered,population,deaths) VALUES ('BOL1293','Trinidad',-14.83579,-64.90185,'be18',0,2019,0,0,155774.000,0);
INSERT INTO municipality(id_department,name,lat,lng,id_municipality,cases,year_census,vaccine,recovered,population,deaths) VALUES ('BOL1936','Achacachi',-16.04329,-68.68528,'lp62',0,2019,0,0,37915,0);
INSERT INTO municipality(id_department,name,lat,lng,id_municipality,cases,year_census,vaccine,recovered,population,deaths) VALUES ('BOL1936','Achocalla',-16.57450,-68.16673,'lp73',0,2019,0,0,18951,0);
INSERT INTO municipality(id_department,name,lat,lng,id_municipality,cases,year_census,vaccine,recovered,population,deaths) VALUES ('BOL1936','Alto Beni',-15.54524,-67.44971,'lp34',0,2019,0,0,9467,0);
INSERT INTO municipality(id_department,name,lat,lng,id_municipality,cases,year_census,vaccine,recovered,population,deaths) VALUES ('BOL1936','Ancoraimes',-15.89713,-68.90697,'lp21',0,2019,0,0,9391,0);
INSERT INTO municipality(id_department,name,lat,lng,id_municipality,cases,year_census,vaccine,recovered,population,deaths) VALUES ('BOL1936','Apolo',-14.71741,-68.41804,'lp51',0,2019,0,0,17976,0);
INSERT INTO municipality(id_department,name,lat,lng,id_municipality,cases,year_census,vaccine,recovered,population,deaths) VALUES ('BOL1936','Ayata',-15.45925,-68.83470,'lp10',0,2019,0,0,8427,0);
INSERT INTO municipality(id_department,name,lat,lng,id_municipality,cases,year_census,vaccine,recovered,population,deaths) VALUES ('BOL1936','Batallas',-16.29958,-68.53163,'lp70',0,2019,0,0,15453,0);
INSERT INTO municipality(id_department,name,lat,lng,id_municipality,cases,year_census,vaccine,recovered,population,deaths) VALUES ('BOL1936','Cairoma',-16.90347,-67.53999,'lp46',0,2019,0,0,10105,0);
INSERT INTO municipality(id_department,name,lat,lng,id_municipality,cases,year_census,vaccine,recovered,population,deaths) VALUES ('BOL1936','Cajuata',-16.69902,-67.17265,'lp24',0,2019,0,0,10268,0);
INSERT INTO municipality(id_department,name,lat,lng,id_municipality,cases,year_census,vaccine,recovered,population,deaths) VALUES ('BOL1936','Calacoto',-17.28319,-68.63637,'lp37',0,2019,0,0,8157,0);
INSERT INTO municipality(id_department,name,lat,lng,id_municipality,cases,year_census,vaccine,recovered,population,deaths) VALUES ('BOL1936','Calamarca',-16.90978,-68.11904,'lp36',0,2019,0,0,11240,0);
INSERT INTO municipality(id_department,name,lat,lng,id_municipality,cases,year_census,vaccine,recovered,population,deaths) VALUES ('BOL1936','Caquiaviri',-17.02327,-68.60700,'lp0',0,2019,0,0,11340,0);
INSERT INTO municipality(id_department,name,lat,lng,id_municipality,cases,year_census,vaccine,recovered,population,deaths) VALUES ('BOL1936','Caranavi',-15.83339,-67.56633,'lp74',0,2019,0,0,46048,0);
INSERT INTO municipality(id_department,name,lat,lng,id_municipality,cases,year_census,vaccine,recovered,population,deaths) VALUES ('BOL1936','Catacora',-17.16101,-69.48326,'lp14',0,2019,0,0,1920,0);
INSERT INTO municipality(id_department,name,lat,lng,id_municipality,cases,year_census,vaccine,recovered,population,deaths) VALUES ('BOL1936','Chacarilla',-17.58383,-68.21591,'lp33',0,2019,0,0,2423,0);
INSERT INTO municipality(id_department,name,lat,lng,id_municipality,cases,year_census,vaccine,recovered,population,deaths) VALUES ('BOL1936','CharaÃƒÆ’Ã‚Â±a',-17.59394,-69.44611,'lp57',0,2019,0,0,4554,0);
INSERT INTO municipality(id_department,name,lat,lng,id_municipality,cases,year_census,vaccine,recovered,population,deaths) VALUES ('BOL1936','Charazani (Gral.Perez)',-15.17730,-68.99464,'lp39',0,2019,0,0,9843,0);
INSERT INTO municipality(id_department,name,lat,lng,id_municipality,cases,year_census,vaccine,recovered,population,deaths) VALUES ('BOL1936','Chua Cocani',-16.19346,-68.74886,'lp5',0,2019,0,0,5241,0);
INSERT INTO municipality(id_department,name,lat,lng,id_municipality,cases,year_census,vaccine,recovered,population,deaths) VALUES ('BOL1936','Chulumani',-16.40936,-67.52573,'lp72',0,2019,0,0,17425,0);
INSERT INTO municipality(id_department,name,lat,lng,id_municipality,cases,year_census,vaccine,recovered,population,deaths) VALUES ('BOL1936','Chuma',-15.47962,-68.89852,'lp16',0,2019,0,0,10055,0);
INSERT INTO municipality(id_department,name,lat,lng,id_municipality,cases,year_census,vaccine,recovered,population,deaths) VALUES ('BOL1936','Collana',-16.90468,-68.28423,'lp18',0,2019,0,0,4141,0);
INSERT INTO municipality(id_department,name,lat,lng,id_municipality,cases,year_census,vaccine,recovered,population,deaths) VALUES ('BOL1936','Colquencha',-16.93129,-68.24875,'lp43',0,2019,0,0,8590,0);
INSERT INTO municipality(id_department,name,lat,lng,id_municipality,cases,year_census,vaccine,recovered,population,deaths) VALUES ('BOL1936','Colquiri',-17.38768,-67.12868,'lp71',0,2019,0,0,17680,0);
INSERT INTO municipality(id_department,name,lat,lng,id_municipality,cases,year_census,vaccine,recovered,population,deaths) VALUES ('BOL1936','Comanche',-16.95676,-68.42765,'lp40',0,2019,0,0,5216,0);
INSERT INTO municipality(id_department,name,lat,lng,id_municipality,cases,year_census,vaccine,recovered,population,deaths) VALUES ('BOL1936','Copacabana',-16.16547,-69.08693,'lp63',0,2019,0,0,13045,0);
INSERT INTO municipality(id_department,name,lat,lng,id_municipality,cases,year_census,vaccine,recovered,population,deaths) VALUES ('BOL1936','Coripata',-16.31449,-67.60688,'lp60',0,2019,0,0,15331,0);
INSERT INTO municipality(id_department,name,lat,lng,id_municipality,cases,year_census,vaccine,recovered,population,deaths) VALUES ('BOL1936','Coro Coro',-17.17816,-68.45309,'lp54',0,2019,0,0,9457,0);
INSERT INTO municipality(id_department,name,lat,lng,id_municipality,cases,year_census,vaccine,recovered,population,deaths) VALUES ('BOL1936','Coroico',-16.18818,-67.72754,'lp61',0,2019,0,0,17009,0);
INSERT INTO municipality(id_department,name,lat,lng,id_municipality,cases,year_census,vaccine,recovered,population,deaths) VALUES ('BOL1936','Desaguadero',-16.56649,-69.03532,'lp49',0,2019,0,0,7124,0);
INSERT INTO municipality(id_department,name,lat,lng,id_municipality,cases,year_census,vaccine,recovered,population,deaths) VALUES ('BOL1936','El Alto',-16.49468,-68.17339,'lp76',0,2019,0,0,1010785,0);
INSERT INTO municipality(id_department,name,lat,lng,id_municipality,cases,year_census,vaccine,recovered,population,deaths) VALUES ('BOL1936','Escoma',-15.66179,-69.13120,'lp31',0,2019,0,0,7326,0);
INSERT INTO municipality(id_department,name,lat,lng,id_municipality,cases,year_census,vaccine,recovered,population,deaths) VALUES ('BOL1936','Guanay',-15.49595,-67.88263,'lp64',0,2019,0,0,13742,0);
INSERT INTO municipality(id_department,name,lat,lng,id_municipality,cases,year_census,vaccine,recovered,population,deaths) VALUES ('BOL1936','Guaqui',-16.59844,-68.83661,'lp42',0,2019,0,0,7434,0);
INSERT INTO municipality(id_department,name,lat,lng,id_municipality,cases,year_census,vaccine,recovered,population,deaths) VALUES ('BOL1936','Huarina',-16.19074,-68.60159,'lp6',0,2019,0,0,7288,0);
INSERT INTO municipality(id_department,name,lat,lng,id_municipality,cases,year_census,vaccine,recovered,population,deaths) VALUES ('BOL1936','Huatajata',-16.21044,-68.69695,'lp15',0,2019,0,0,4291,0);
INSERT INTO municipality(id_department,name,lat,lng,id_municipality,cases,year_census,vaccine,recovered,population,deaths) VALUES ('BOL1936','Ichoca',-17.13983,-67.18748,'lp13',0,2019,0,0,6903,0);
INSERT INTO municipality(id_department,name,lat,lng,id_municipality,cases,year_census,vaccine,recovered,population,deaths) VALUES ('BOL1936','Inquisivi',-16.90775,-67.13833,'lp52',0,2019,0,0,12744,0);
INSERT INTO municipality(id_department,name,lat,lng,id_municipality,cases,year_census,vaccine,recovered,population,deaths) VALUES ('BOL1936','Irupana',-16.46580,-67.45465,'lp65',0,2019,0,0,14832,0);
INSERT INTO municipality(id_department,name,lat,lng,id_municipality,cases,year_census,vaccine,recovered,population,deaths) VALUES ('BOL1936','Ixiamas',-13.76780,-68.12514,'lp3',0,2019,0,0,9398,0);
INSERT INTO municipality(id_department,name,lat,lng,id_municipality,cases,year_census,vaccine,recovered,population,deaths) VALUES ('BOL1936','Jesus de Machaca',-16.74425,-68.80724,'lp45',0,2019,0,0,12613,0);
INSERT INTO municipality(id_department,name,lat,lng,id_municipality,cases,year_census,vaccine,recovered,population,deaths) VALUES ('BOL1936','La Asunta',-16.12434,-67.19462,'lp48',0,2019,0,0,37677,0);
INSERT INTO municipality(id_department,name,lat,lng,id_municipality,cases,year_census,vaccine,recovered,population,deaths) VALUES ('BOL1936','La Paz',-16.49361,-68.13469,'lp77',0,2019,0,0,901852,0);
INSERT INTO municipality(id_department,name,lat,lng,id_municipality,cases,year_census,vaccine,recovered,population,deaths) VALUES ('BOL1936','Laja',-16.53653,-68.38552,'lp67',0,2019,0,0,18536,0);
INSERT INTO municipality(id_department,name,lat,lng,id_municipality,cases,year_census,vaccine,recovered,population,deaths) VALUES ('BOL1936','Licoma (Villa Libertad)',-16.80569,-67.20209,'lp2',0,2019,0,0,3327,0);
INSERT INTO municipality(id_department,name,lat,lng,id_municipality,cases,year_census,vaccine,recovered,population,deaths) VALUES ('BOL1936','Luribay',-17.06251,-67.66124,'lp19',0,2019,0,0,10118,0);
INSERT INTO municipality(id_department,name,lat,lng,id_municipality,cases,year_census,vaccine,recovered,population,deaths) VALUES ('BOL1936','Malla',-17.04011,-67.45058,'lp30',0,2019,0,0,3218,0);
INSERT INTO municipality(id_department,name,lat,lng,id_municipality,cases,year_census,vaccine,recovered,population,deaths) VALUES ('BOL1936','Mapiri',-15.31031,-68.22682,'lp11',0,2019,0,0,14229,0);
INSERT INTO municipality(id_department,name,lat,lng,id_municipality,cases,year_census,vaccine,recovered,population,deaths) VALUES ('BOL1936','Mecapaca',-16.66569,-68.02766,'lp66',0,2019,0,0,13395,0);
INSERT INTO municipality(id_department,name,lat,lng,id_municipality,cases,year_census,vaccine,recovered,population,deaths) VALUES ('BOL1936','Mocomoco',-15.45573,-68.99639,'lp8',0,2019,0,0,13183,0);
INSERT INTO municipality(id_department,name,lat,lng,id_municipality,cases,year_census,vaccine,recovered,population,deaths) VALUES ('BOL1936','Nazacara de Pacajes',-16.93733,-68.76440,'lp7',0,2019,0,0,712000,0);
INSERT INTO municipality(id_department,name,lat,lng,id_municipality,cases,year_census,vaccine,recovered,population,deaths) VALUES ('BOL1936','Palca',-16.56094,-67.95281,'lp35',0,2019,0,0,15326,0);
INSERT INTO municipality(id_department,name,lat,lng,id_municipality,cases,year_census,vaccine,recovered,population,deaths) VALUES ('BOL1936','Palos Blancos',-15.58480,-67.24798,'lp58',0,2019,0,0,23740,0);
INSERT INTO municipality(id_department,name,lat,lng,id_municipality,cases,year_census,vaccine,recovered,population,deaths) VALUES ('BOL1936','Papel Pampa',-17.81935,-67.76966,'lp4',0,2019,0,0,6562,0);
INSERT INTO municipality(id_department,name,lat,lng,id_municipality,cases,year_census,vaccine,recovered,population,deaths) VALUES ('BOL1936','Patacamaya',-17.24094,-67.92811,'lp68',0,2019,0,0,21989,0);
INSERT INTO municipality(id_department,name,lat,lng,id_municipality,cases,year_census,vaccine,recovered,population,deaths) VALUES ('BOL1936','Pelechuco',-14.82021,-69.07021,'lp17',0,2019,0,0,7126,0);
INSERT INTO municipality(id_department,name,lat,lng,id_municipality,cases,year_census,vaccine,recovered,population,deaths) VALUES ('BOL1936','Pucarani',-16.39927,-68.47748,'lp55',0,2019,0,0,24802,0);
INSERT INTO municipality(id_department,name,lat,lng,id_municipality,cases,year_census,vaccine,recovered,population,deaths) VALUES ('BOL1936','Puerto Acosta',-15.53298,-69.25221,'lp23',0,2019,0,0,10655,0);
INSERT INTO municipality(id_department,name,lat,lng,id_municipality,cases,year_census,vaccine,recovered,population,deaths) VALUES ('BOL1936','Puerto Carabuco',-15.75821,-69.06387,'lp9',0,2019,0,0,9987,0);
INSERT INTO municipality(id_department,name,lat,lng,id_municipality,cases,year_census,vaccine,recovered,population,deaths) VALUES ('BOL1936','Puerto Perez',-16.28486,-68.60104,'lp25',0,2019,0,0,7609,0);
INSERT INTO municipality(id_department,name,lat,lng,id_municipality,cases,year_census,vaccine,recovered,population,deaths) VALUES ('BOL1936','Quime',-16.98141,-67.21792,'lp50',0,2019,0,0,8302,0);
INSERT INTO municipality(id_department,name,lat,lng,id_municipality,cases,year_census,vaccine,recovered,population,deaths) VALUES ('BOL1936','San Andres de Machaca',-16.95340,-68.96860,'lp12',0,2019,0,0,5884,0);
INSERT INTO municipality(id_department,name,lat,lng,id_municipality,cases,year_census,vaccine,recovered,population,deaths) VALUES ('BOL1936','San Buenaventura',-14.43816,-67.53659,'lp56',0,2019,0,0,9563,0);
INSERT INTO municipality(id_department,name,lat,lng,id_municipality,cases,year_census,vaccine,recovered,population,deaths) VALUES ('BOL1936','San Pedro de Tiquina',-16.22150,-68.85394,'lp53',0,2019,0,0,6026,0);
INSERT INTO municipality(id_department,name,lat,lng,id_municipality,cases,year_census,vaccine,recovered,population,deaths) VALUES ('BOL1936','Santiago de Huata',-16.05685,-68.81662,'lp26',0,2019,0,0,8066,0);
INSERT INTO municipality(id_department,name,lat,lng,id_municipality,cases,year_census,vaccine,recovered,population,deaths) VALUES ('BOL1936','Santiago de Machaca',-17.06665,-69.19328,'lp28',0,2019,0,0,4876,0);
INSERT INTO municipality(id_department,name,lat,lng,id_municipality,cases,year_census,vaccine,recovered,population,deaths) VALUES ('BOL1936','Sapahaqui',-16.88854,-67.94963,'lp32',0,2019,0,0,10583,0);
INSERT INTO municipality(id_department,name,lat,lng,id_municipality,cases,year_census,vaccine,recovered,population,deaths) VALUES ('BOL1936','Sica Sica',-17.33367,-67.74091,'lp41',0,2019,0,0,21876,0);
INSERT INTO municipality(id_department,name,lat,lng,id_municipality,cases,year_census,vaccine,recovered,population,deaths) VALUES ('BOL1936','Sorata',-15.77325,-68.64939,'lp47',0,2019,0,0,18840,0);
INSERT INTO municipality(id_department,name,lat,lng,id_municipality,cases,year_census,vaccine,recovered,population,deaths) VALUES ('BOL1936','Tacacoma',-15.58940,-68.64524,'lp1',0,2019,0,0,7943,0);
INSERT INTO municipality(id_department,name,lat,lng,id_municipality,cases,year_census,vaccine,recovered,population,deaths) VALUES ('BOL1936','Teoponte',-15.49570,-67.81753,'lp38',0,2019,0,0,8959,0);
INSERT INTO municipality(id_department,name,lat,lng,id_municipality,cases,year_census,vaccine,recovered,population,deaths) VALUES ('BOL1936','Tiahuanacu',-16.55294,-68.68114,'lp59',0,2019,0,0,10284,0);
INSERT INTO municipality(id_department,name,lat,lng,id_municipality,cases,year_census,vaccine,recovered,population,deaths) VALUES ('BOL1936','Tipuani',-15.56508,-68.02080,'lp29',0,2019,0,0,8657,0);
INSERT INTO municipality(id_department,name,lat,lng,id_municipality,cases,year_census,vaccine,recovered,population,deaths) VALUES ('BOL1936','Tito Yupanki',-16.18888,-68.95471,'lp20',0,2019,0,0,2292,0);
INSERT INTO municipality(id_department,name,lat,lng,id_municipality,cases,year_census,vaccine,recovered,population,deaths) VALUES ('BOL1936','Umala',-17.37332,-68.02143,'lp44',0,2019,0,0,8559,0);
INSERT INTO municipality(id_department,name,lat,lng,id_municipality,cases,year_census,vaccine,recovered,population,deaths) VALUES ('BOL1936','Viacha',-16.65369,-68.30156,'lp75',0,2019,0,0,87670,0);
INSERT INTO municipality(id_department,name,lat,lng,id_municipality,cases,year_census,vaccine,recovered,population,deaths) VALUES ('BOL1936','Waldo Ballivian',-17.08282,-68.18626,'lp22',0,2019,0,0,3788,0);
INSERT INTO municipality(id_department,name,lat,lng,id_municipality,cases,year_census,vaccine,recovered,population,deaths) VALUES ('BOL1936','Yaco',-17.15797,-67.41069,'lp27',0,2019,0,0,7625,0);
INSERT INTO municipality(id_department,name,lat,lng,id_municipality,cases,year_census,vaccine,recovered,population,deaths) VALUES ('BOL1936','Yanacachi',-16.39054,-67.73526,'lp69',0,2019,0,0,6233,0);
INSERT INTO municipality(id_department,name,lat,lng,id_municipality,cases,year_census,vaccine,recovered,population,deaths) VALUES ('BOL1937','Antequera (Bolivar)',-18.47112,-66.82584,'or18',0,2019,0,0,3485.000,0);
INSERT INTO municipality(id_department,name,lat,lng,id_municipality,cases,year_census,vaccine,recovered,population,deaths) VALUES ('BOL1937','Belen de Andamarca',-18.81724,-67.64146,'or6',0,2019,0,0,1575.000,0);
INSERT INTO municipality(id_department,name,lat,lng,id_municipality,cases,year_census,vaccine,recovered,population,deaths) VALUES ('BOL1937','Caracollo',-17.64325,-67.21271,'or23',0,2019,0,0,21367.000,0);
INSERT INTO municipality(id_department,name,lat,lng,id_municipality,cases,year_census,vaccine,recovered,population,deaths) VALUES ('BOL1937','Challapata',-18.90082,-66.77469,'or29',0,2019,0,0,32213.000,0);
INSERT INTO municipality(id_department,name,lat,lng,id_municipality,cases,year_census,vaccine,recovered,population,deaths) VALUES ('BOL1937','Choquecota',-18.09837,-67.89553,'or4',0,2019,0,0,1015.000,0);
INSERT INTO municipality(id_department,name,lat,lng,id_municipality,cases,year_census,vaccine,recovered,population,deaths) VALUES ('BOL1937','Coipasa',-19.27766,-68.27771,'or3',0,2019,0,0,710.000,0);
INSERT INTO municipality(id_department,name,lat,lng,id_municipality,cases,year_census,vaccine,recovered,population,deaths) VALUES ('BOL1937','Corque',-18.35102,-67.68188,'or15',0,2019,0,0,7909.000,0);
INSERT INTO municipality(id_department,name,lat,lng,id_municipality,cases,year_census,vaccine,recovered,population,deaths) VALUES ('BOL1937','Cruz de Machacamarca',-18.77148,-68.31177,'or5',0,2019,0,0,552.000,0);
INSERT INTO municipality(id_department,name,lat,lng,id_municipality,cases,year_census,vaccine,recovered,population,deaths) VALUES ('BOL1937','Curahuara de Carangas',-17.84235,-68.41005,'or13',0,2019,0,0,4410.000,0);
INSERT INTO municipality(id_department,name,lat,lng,id_municipality,cases,year_census,vaccine,recovered,population,deaths) VALUES ('BOL1937','El Choro',-18.35734,-67.11562,'or2',0,2019,0,0,3624.000,0);
INSERT INTO municipality(id_department,name,lat,lng,id_municipality,cases,year_census,vaccine,recovered,population,deaths) VALUES ('BOL1937','Escara',-18.85958,-68.17046,'or8',0,2019,0,0,1596.000,0);
INSERT INTO municipality(id_department,name,lat,lng,id_municipality,cases,year_census,vaccine,recovered,population,deaths) VALUES ('BOL1937','Esmeralda',-18.84359,-68.28127,'or7',0,2019,0,0,1243.000,0);
INSERT INTO municipality(id_department,name,lat,lng,id_municipality,cases,year_census,vaccine,recovered,population,deaths) VALUES ('BOL1937','Eucaliptus',-17.59684,-67.50849,'or26',0,2019,0,0,5312.000,0);
INSERT INTO municipality(id_department,name,lat,lng,id_municipality,cases,year_census,vaccine,recovered,population,deaths) VALUES ('BOL1937','Huachacalla',-18.79346,-68.26226,'or21',0,2019,0,0,1545.000,0);
INSERT INTO municipality(id_department,name,lat,lng,id_municipality,cases,year_census,vaccine,recovered,population,deaths) VALUES ('BOL1937','La Rivera',-19.00491,-68.63998,'or1',0,2019,0,0,388.000,0);
INSERT INTO municipality(id_department,name,lat,lng,id_municipality,cases,year_census,vaccine,recovered,population,deaths) VALUES ('BOL1937','Machacamarca',-18.17247,-67.02114,'or28',0,2019,0,0,5591.000,0);
INSERT INTO municipality(id_department,name,lat,lng,id_municipality,cases,year_census,vaccine,recovered,population,deaths) VALUES ('BOL1937','Oruro',-17.96776,-67.11207,'or31',0,2019,0,0,333651.000,0);
INSERT INTO municipality(id_department,name,lat,lng,id_municipality,cases,year_census,vaccine,recovered,population,deaths) VALUES ('BOL1937','Pampa Aullagas',-19.19709,-67.06207,'or12',0,2019,0,0,3176.000,0);
INSERT INTO municipality(id_department,name,lat,lng,id_municipality,cases,year_census,vaccine,recovered,population,deaths) VALUES ('BOL1937','Chulumani',-17.81732,-67.02172,'or0',0,2019,0,0,13204,0);
INSERT INTO municipality(id_department,name,lat,lng,id_municipality,cases,year_census,vaccine,recovered,population,deaths) VALUES ('BOL1937','PazÃƒÆ’Ã‚Â±a',-18.59932,-66.92148,'or14',0,2019,0,0,5668.000,0);
INSERT INTO municipality(id_department,name,lat,lng,id_municipality,cases,year_census,vaccine,recovered,population,deaths) VALUES ('BOL1937','Poopo',-18.38040,-66.96852,'or24',0,2019,0,0,7168.000,0);
INSERT INTO municipality(id_department,name,lat,lng,id_municipality,cases,year_census,vaccine,recovered,population,deaths) VALUES ('BOL1937','Sabaya',-19.01571,-68.37267,'or27',0,2019,0,0,6519.000,0);
INSERT INTO municipality(id_department,name,lat,lng,id_municipality,cases,year_census,vaccine,recovered,population,deaths) VALUES ('BOL1937','Salinas de Garci Mendoza',-19.63843,-67.67634,'or20',0,2019,0,0,10216.000,0);
INSERT INTO municipality(id_department,name,lat,lng,id_municipality,cases,year_census,vaccine,recovered,population,deaths) VALUES ('BOL1937','San Pedro de Totora',-17.79367,-68.14608,'or10',0,2019,0,0,4901.000,0);
INSERT INTO municipality(id_department,name,lat,lng,id_municipality,cases,year_census,vaccine,recovered,population,deaths) VALUES ('BOL1937','Santiago de Andamarca',-18.77879,-67.50833,'or17',0,2019,0,0,4520.000,0);
INSERT INTO municipality(id_department,name,lat,lng,id_municipality,cases,year_census,vaccine,recovered,population,deaths) VALUES ('BOL1937','Santiago de Huari',-19.01218,-66.77701,'or25',0,2019,0,0,10417.000,0);
INSERT INTO municipality(id_department,name,lat,lng,id_municipality,cases,year_census,vaccine,recovered,population,deaths) VALUES ('BOL1937','Santiago de Huayllamarca',-17.84099,-67.94584,'or11',0,2019,0,0,4762.000,0);
INSERT INTO municipality(id_department,name,lat,lng,id_municipality,cases,year_census,vaccine,recovered,population,deaths) VALUES ('BOL1937','Santuario de Quillacas',-19.23317,-66.94241,'or19',0,2019,0,0,4027.000,0);
INSERT INTO municipality(id_department,name,lat,lng,id_municipality,cases,year_census,vaccine,recovered,population,deaths) VALUES ('BOL1937','Toledo',-18.18180,-67.40700,'or22',0,2019,0,0,6654.000,0);
INSERT INTO municipality(id_department,name,lat,lng,id_municipality,cases,year_census,vaccine,recovered,population,deaths) VALUES ('BOL1937','Turco',-18.18072,-68.19356,'or16',0,2019,0,0,3398.000,0);
INSERT INTO municipality(id_department,name,lat,lng,id_municipality,cases,year_census,vaccine,recovered,population,deaths) VALUES ('BOL1937','Villa Huanuni',-18.28780,-66.83995,'or30',0,2019,0,0,25762.000,0);
INSERT INTO municipality(id_department,name,lat,lng,id_municipality,cases,year_census,vaccine,recovered,population,deaths) VALUES ('BOL1937','Yunguyo del Litoral',-18.85342,-68.32075,'or9',0,2019,0,0,548.000,0);
INSERT INTO municipality(id_department,name,lat,lng,id_municipality,cases,year_census,vaccine,recovered,population,deaths) VALUES ('BOL1938','Bella Flor',-11.12408,-67.79154,'pa8',0,2019,0,0,3379.000,0);
INSERT INTO municipality(id_department,name,lat,lng,id_municipality,cases,year_census,vaccine,recovered,population,deaths) VALUES ('BOL1938','Bolpebra (Mukden)',-10.94469,-69.56731,'pa6',0,2019,0,0,1944.000,0);
INSERT INTO municipality(id_department,name,lat,lng,id_municipality,cases,year_census,vaccine,recovered,population,deaths) VALUES ('BOL1938','Cobija',-11.02481,-68.76113,'pa13',0,2019,0,0,83518.000,0);
INSERT INTO municipality(id_department,name,lat,lng,id_municipality,cases,year_census,vaccine,recovered,population,deaths) VALUES ('BOL1938','El Sena',-11.48295,-67.24579,'pa7',0,2019,0,0,7281.000,0);
INSERT INTO municipality(id_department,name,lat,lng,id_municipality,cases,year_census,vaccine,recovered,population,deaths) VALUES ('BOL1938','Filadelfia',-11.34723,-68.76256,'pa2',0,2019,0,0,7269.000,0);
INSERT INTO municipality(id_department,name,lat,lng,id_municipality,cases,year_census,vaccine,recovered,population,deaths) VALUES ('BOL1938','Ingavi (Humaita)',-10.81628,-66.44920,'pa0',0,2019,0,0,2162.000,0);
INSERT INTO municipality(id_department,name,lat,lng,id_municipality,cases,year_census,vaccine,recovered,population,deaths) VALUES ('BOL1938','Nuevo Manoa (Nueva Esperanza)',-10.05920,-65.33857,'pa3',0,2019,0,0,1576.000,0);
INSERT INTO municipality(id_department,name,lat,lng,id_municipality,cases,year_census,vaccine,recovered,population,deaths) VALUES ('BOL1938','Porvenir',-11.23747,-68.68771,'pa9',0,2019,0,0,7140.000,0);
INSERT INTO municipality(id_department,name,lat,lng,id_municipality,cases,year_census,vaccine,recovered,population,deaths) VALUES ('BOL1938','Puerto Gonzalo Moreno',-11.08663,-66.16704,'pa11',0,2019,0,0,6628.000,0);
INSERT INTO municipality(id_department,name,lat,lng,id_municipality,cases,year_census,vaccine,recovered,population,deaths) VALUES ('BOL1938','Puerto Rico',-11.10464,-0.06756,'pa12',0,2019,0,0,9912.000,0);
INSERT INTO municipality(id_department,name,lat,lng,id_municipality,cases,year_census,vaccine,recovered,population,deaths) VALUES ('BOL1938','San Lorenzo',-11.88829,-66.97922,'pa10',0,2019,0,0,8345.000,0);
INSERT INTO municipality(id_department,name,lat,lng,id_municipality,cases,year_census,vaccine,recovered,population,deaths) VALUES ('BOL1938','San Pedro (Conquista)',-10.82506,-66.18452,'pa5',0,2019,0,0,1614.000,0);
INSERT INTO municipality(id_department,name,lat,lng,id_municipality,cases,year_census,vaccine,recovered,population,deaths) VALUES ('BOL1938','Santa Rosa del Abuna',-10.61988,-67.44761,'pa4',0,2019,0,0,2473.000,0);
INSERT INTO municipality(id_department,name,lat,lng,id_municipality,cases,year_census,vaccine,recovered,population,deaths) VALUES ('BOL1938','Santos Mercado',-10.49456,-66.21224,'pa14',0,2019,0,0,2439.000,0);
INSERT INTO municipality(id_department,name,lat,lng,id_municipality,cases,year_census,vaccine,recovered,population,deaths) VALUES ('BOL1938','Villa Nueva (Loma Alta)',-10.78819,-65.96515,'pa1',0,2019,0,0,2932.000,0);
INSERT INTO municipality(id_department,name,lat,lng,id_municipality,cases,year_census,vaccine,recovered,population,deaths) VALUES ('BOL1939','Acasio',-18.02406,-66.05741,'po4',0,2019,0,0,5704.000,0);
INSERT INTO municipality(id_department,name,lat,lng,id_municipality,cases,year_census,vaccine,recovered,population,deaths) VALUES ('BOL1939','Arampampa',-17.87490,-66.07960,'po3',0,2019,0,0,4821.000,0);
INSERT INTO municipality(id_department,name,lat,lng,id_municipality,cases,year_census,vaccine,recovered,population,deaths) VALUES ('BOL1939','Atocha',-20.93223,-66.21940,'po30',0,2019,0,0,12444.000,0);
INSERT INTO municipality(id_department,name,lat,lng,id_municipality,cases,year_census,vaccine,recovered,population,deaths) VALUES ('BOL1939','Belen de Urmiri',-19.38565,-66.06428,'po2',0,2019,0,0,2107.000,0);
INSERT INTO municipality(id_department,name,lat,lng,id_municipality,cases,year_census,vaccine,recovered,population,deaths) VALUES ('BOL1939','Betanzos',-19.55289,-65.45286,'po32',0,2019,0,0,32487.000,0);
INSERT INTO municipality(id_department,name,lat,lng,id_municipality,cases,year_census,vaccine,recovered,population,deaths) VALUES ('BOL1939','Caiza "D"',-20.00728,-65.65443,'po26',0,2019,0,0,10567.000,0);
INSERT INTO municipality(id_department,name,lat,lng,id_municipality,cases,year_census,vaccine,recovered,population,deaths) VALUES ('BOL1939','Caripuyo',-18.23222,-66.47290,'po5',0,2019,0,0,9326.000,0);
INSERT INTO municipality(id_department,name,lat,lng,id_municipality,cases,year_census,vaccine,recovered,population,deaths) VALUES ('BOL1939','Chaqui',-19.58831,-65.56111,'po8',0,2019,0,0,8768.000,0);
INSERT INTO municipality(id_department,name,lat,lng,id_municipality,cases,year_census,vaccine,recovered,population,deaths) VALUES ('BOL1939','Chayanta',-18.46120,-66.44217,'po23',0,2019,0,0,16219.000,0);
INSERT INTO municipality(id_department,name,lat,lng,id_municipality,cases,year_census,vaccine,recovered,population,deaths) VALUES ('BOL1939','Chuquihuta',-18.59198,-66.36799,'po11',0,2019,0,0,8272.000,0);
INSERT INTO municipality(id_department,name,lat,lng,id_municipality,cases,year_census,vaccine,recovered,population,deaths) VALUES ('BOL1939','Ckochas',-19.63753,-65.27482,'po10',0,2019,0,0,16363.000,0);
INSERT INTO municipality(id_department,name,lat,lng,id_municipality,cases,year_census,vaccine,recovered,population,deaths) VALUES ('BOL1939','Colcha"K" (V.Martin)',-20.74023,-67.66015,'po35',0,2019,0,0,12803.000,0);
INSERT INTO municipality(id_department,name,lat,lng,id_municipality,cases,year_census,vaccine,recovered,population,deaths) VALUES ('BOL1939','Colquechaca',-18.69707,-66.00217,'po20',0,2019,0,0,35614.000,0);
INSERT INTO municipality(id_department,name,lat,lng,id_municipality,cases,year_census,vaccine,recovered,population,deaths) VALUES ('BOL1939','Cotagaita',-20.81555,-65.65849,'po31',0,2019,0,0,26211.000,0);
INSERT INTO municipality(id_department,name,lat,lng,id_municipality,cases,year_census,vaccine,recovered,population,deaths) VALUES ('BOL1939','Llallagua',-18.42308,-66.58348,'po38',0,2019,0,0,48474.000,0);
INSERT INTO municipality(id_department,name,lat,lng,id_municipality,cases,year_census,vaccine,recovered,population,deaths) VALUES ('BOL1939','Llica',-19.85191,-68.24814,'po15',0,2019,0,0,4301.000,0);
INSERT INTO municipality(id_department,name,lat,lng,id_municipality,cases,year_census,vaccine,recovered,population,deaths) VALUES ('BOL1939','Mojinete',-21.76525,-66.24114,'po0',0,2019,0,0,889.000,0);
INSERT INTO municipality(id_department,name,lat,lng,id_municipality,cases,year_census,vaccine,recovered,population,deaths) VALUES ('BOL1939','Ocuri',-18.84171,-65.79571,'po25',0,2019,0,0,15948.000,0);
INSERT INTO municipality(id_department,name,lat,lng,id_municipality,cases,year_census,vaccine,recovered,population,deaths) VALUES ('BOL1939','Pocoata',-18.69971,-66.16170,'po24',0,2019,0,0,25711.000,0);
INSERT INTO municipality(id_department,name,lat,lng,id_municipality,cases,year_census,vaccine,recovered,population,deaths) VALUES ('BOL1939','Porco',-19.79820,-65.98876,'po18',0,2019,0,0,12456.000,0);
INSERT INTO municipality(id_department,name,lat,lng,id_municipality,cases,year_census,vaccine,recovered,population,deaths) VALUES ('BOL1939','Potosi',-19.58059,-65.75423,'po39',0,2019,0,0,255200.000,0);
INSERT INTO municipality(id_department,name,lat,lng,id_municipality,cases,year_census,vaccine,recovered,population,deaths) VALUES ('BOL1939','Puna',-19.79541,-65.50644,'po29',0,2019,0,0,20203.000,0);
INSERT INTO municipality(id_department,name,lat,lng,id_municipality,cases,year_census,vaccine,recovered,population,deaths) VALUES ('BOL1939','Ravelo',-18.80656,-65.51160,'po16',0,2019,0,0,18709.000,0);
INSERT INTO municipality(id_department,name,lat,lng,id_municipality,cases,year_census,vaccine,recovered,population,deaths) VALUES ('BOL1939','Sacaca',-18.06827,-66.38360,'po7',0,2019,0,0,19637.000,0);
INSERT INTO municipality(id_department,name,lat,lng,id_municipality,cases,year_census,vaccine,recovered,population,deaths) VALUES ('BOL1939','San Agustin',-21.15486,-67.67832,'po19',0,2019,0,0,2072.000,0);
INSERT INTO municipality(id_department,name,lat,lng,id_municipality,cases,year_census,vaccine,recovered,population,deaths) VALUES ('BOL1939','San Antonio de Esmoruco',-21.94807,-66.51683,'po1',0,2019,0,0,2328.000,0);
INSERT INTO municipality(id_department,name,lat,lng,id_municipality,cases,year_census,vaccine,recovered,population,deaths) VALUES ('BOL1939','San Pablo de Lipez',-21.68604,-66.61595,'po6',0,2019,0,0,3419.000,0);
INSERT INTO municipality(id_department,name,lat,lng,id_municipality,cases,year_census,vaccine,recovered,population,deaths) VALUES ('BOL1939','San Pedro de Buena Vista',-18.27011,-65.98014,'po17',0,2019,0,0,28962.000,0);
INSERT INTO municipality(id_department,name,lat,lng,id_municipality,cases,year_census,vaccine,recovered,population,deaths) VALUES ('BOL1939','San Pedro de Quemes',-20.74650,-68.04877,'po9',0,2019,0,0,776.000,0);
INSERT INTO municipality(id_department,name,lat,lng,id_municipality,cases,year_census,vaccine,recovered,population,deaths) VALUES ('BOL1939','Tacobamba',-19.20701,-65.55647,'po14',0,2019,0,0,9483.000,0);
INSERT INTO municipality(id_department,name,lat,lng,id_municipality,cases,year_census,vaccine,recovered,population,deaths) VALUES ('BOL1939','Tahua',-19.88977,-67.69296,'po22',0,2019,0,0,1773.000,0);
INSERT INTO municipality(id_department,name,lat,lng,id_municipality,cases,year_census,vaccine,recovered,population,deaths) VALUES ('BOL1939','Tinquipaya',-19.22198,-65.82065,'po12',0,2019,0,0,23261.000,0);
INSERT INTO municipality(id_department,name,lat,lng,id_municipality,cases,year_census,vaccine,recovered,population,deaths) VALUES ('BOL1939','Tomave',-20.06503,-66.53147,'po27',0,2019,0,0,13331.000,0);
INSERT INTO municipality(id_department,name,lat,lng,id_municipality,cases,year_census,vaccine,recovered,population,deaths) VALUES ('BOL1939','Toro Toro',-18.13356,-65.76133,'po21',0,2019,0,0,12084.000,0);
INSERT INTO municipality(id_department,name,lat,lng,id_municipality,cases,year_census,vaccine,recovered,population,deaths) VALUES ('BOL1939','Tupiza',-21.44134,-65.72002,'po36',0,2019,0,0,50045.000,0);
INSERT INTO municipality(id_department,name,lat,lng,id_municipality,cases,year_census,vaccine,recovered,population,deaths) VALUES ('BOL1939','Uncia',-18.46647,-66.56839,'po34',0,2019,0,0,22153.000,0);
INSERT INTO municipality(id_department,name,lat,lng,id_municipality,cases,year_census,vaccine,recovered,population,deaths) VALUES ('BOL1939','Uyuni (Thola Pampa)',-20.46039,-66.82341,'po33',0,2019,0,0,36198.000,0);
INSERT INTO municipality(id_department,name,lat,lng,id_municipality,cases,year_census,vaccine,recovered,population,deaths) VALUES ('BOL1939','Villazon',-22.09018,-65.59653,'po37',0,2019,0,0,45734.000,0);
INSERT INTO municipality(id_department,name,lat,lng,id_municipality,cases,year_census,vaccine,recovered,population,deaths) VALUES ('BOL1939','Vitichi',-20.20760,-65.49290,'po28',0,2019,0,0,9291.000,0);
INSERT INTO municipality(id_department,name,lat,lng,id_municipality,cases,year_census,vaccine,recovered,population,deaths) VALUES ('BOL1939','Yocalla',-19.39134,-65.90550,'po13',0,2019,0,0,7617.000,0);
INSERT INTO municipality(id_department,name,lat,lng,id_municipality,cases,year_census,vaccine,recovered,population,deaths) VALUES ('BOL1940','Guarayos',-15.89176,-63.18996,'sc14',0,2019,0,0,55946.000,0);
INSERT INTO municipality(id_department,name,lat,lng,id_municipality,cases,year_census,vaccine,recovered,population,deaths) VALUES ('BOL1940','Cordillera',-20.44531,-63.28065,'sc6',0,2019,0,0,138515.000,0);
INSERT INTO municipality(id_department,name,lat,lng,id_municipality,cases,year_census,vaccine,recovered,population,deaths) VALUES ('BOL1940','Ichilo',-17.45931,-63.65992,'sc3',0,2019,0,0,107012.000,0);
INSERT INTO municipality(id_department,name,lat,lng,id_municipality,cases,year_census,vaccine,recovered,population,deaths) VALUES ('BOL1940','Manuel Maria Caballero',-17.91549,-64.52692,'sc12',0,2019,0,0,26557.000,0);
INSERT INTO municipality(id_department,name,lat,lng,id_municipality,cases,year_census,vaccine,recovered,population,deaths) VALUES ('BOL1940','Andrés Ibañez',-17.75416,-62.99634,'sc0',0,2019,0,0,2051199.000,0);
INSERT INTO municipality(id_department,name,lat,lng,id_municipality,cases,year_census,vaccine,recovered,population,deaths) VALUES ('BOL1940','Obispo Santiestevan',-17.11875,-63.23133,'sc9',0,2019,0,0,216171.000,0);
INSERT INTO municipality(id_department,name,lat,lng,id_municipality,cases,year_census,vaccine,recovered,population,deaths) VALUES ('BOL1940','German Busch',-18.96456,-57.79763,'sc13',0,2019,0,0,48209.000,0);
INSERT INTO municipality(id_department,name,lat,lng,id_municipality,cases,year_census,vaccine,recovered,population,deaths) VALUES ('BOL1940','Chiquitos',-18.33235,-59.75689,'sc4',0,2019,0,0,92527.000,0);
INSERT INTO municipality(id_department,name,lat,lng,id_municipality,cases,year_census,vaccine,recovered,population,deaths) VALUES ('BOL1940','Florida',-18.17905,-63.87709,'sc8',0,2019,0,0,34808.000,0);
INSERT INTO municipality(id_department,name,lat,lng,id_municipality,cases,year_census,vaccine,recovered,population,deaths) VALUES ('BOL1940','Velasco',-16.37538,-60.96194,'sc2',0,2019,0,0,84751.000,0);
INSERT INTO municipality(id_department,name,lat,lng,id_municipality,cases,year_census,vaccine,recovered,population,deaths) VALUES ('BOL1940','Ñuflo de Chávez',-16.27416,-62.50438,'sc10',0,2019,0,0,137437.000,0);
INSERT INTO municipality(id_department,name,lat,lng,id_municipality,cases,year_census,vaccine,recovered,population,deaths) VALUES ('BOL1940','Provincia Angel Sandoval',-16.36148,-58.40107,'sc11',0,2019,0,0,17208.000,0);
INSERT INTO municipality(id_department,name,lat,lng,id_municipality,cases,year_census,vaccine,recovered,population,deaths) VALUES ('BOL1940','Vallegrande',-18.48867,-64.10565,'sc7',0,2019,0,0,26330.000,0);
INSERT INTO municipality(id_department,name,lat,lng,id_municipality,cases,year_census,vaccine,recovered,population,deaths) VALUES ('BOL1940','Warnes',-17.50908,-63.16439,'sc1',0,2019,0,0,143415.000,0);
INSERT INTO municipality(id_department,name,lat,lng,id_municipality,cases,year_census,vaccine,recovered,population,deaths) VALUES ('BOL1941','Bermejo',-22.73307,-64.34246,'tj8',0,2019,0,0,41673.000,0);
INSERT INTO municipality(id_department,name,lat,lng,id_municipality,cases,year_census,vaccine,recovered,population,deaths) VALUES ('BOL1941','Carapari',-21.82782,-63.74239,'tj5',0,2019,0,0,16022.000,0);
INSERT INTO municipality(id_department,name,lat,lng,id_municipality,cases,year_census,vaccine,recovered,population,deaths) VALUES ('BOL1941','Entre Rios (La Moreta)',-21.52658,-64.17142,'tj3',0,2019,0,0,23449.000,0);
INSERT INTO municipality(id_department,name,lat,lng,id_municipality,cases,year_census,vaccine,recovered,population,deaths) VALUES ('BOL1941','Padcaya',-21.88223,-64.70914,'tj4',0,2019,0,0,18803.000,0);
INSERT INTO municipality(id_department,name,lat,lng,id_municipality,cases,year_census,vaccine,recovered,population,deaths) VALUES ('BOL1941','Tarija',-21.53162,-64.73291,'tj10',0,2019,0,0,256723.000,0);
INSERT INTO municipality(id_department,name,lat,lng,id_municipality,cases,year_census,vaccine,recovered,population,deaths) VALUES ('BOL1941','Tomayapo (El Puente)',-21.23139,-65.20605,'tj1',0,2019,0,0,11735.000,0);
INSERT INTO municipality(id_department,name,lat,lng,id_municipality,cases,year_census,vaccine,recovered,population,deaths) VALUES ('BOL1941','Uriondo',-21.69722,-64.66320,'tj2',0,2019,0,0,15654.000,0);
INSERT INTO municipality(id_department,name,lat,lng,id_municipality,cases,year_census,vaccine,recovered,population,deaths) VALUES ('BOL1941','Villa San Lorenzo',-21.41530,-64.74886,'tj6',0,2019,0,0,24691.000,0);
INSERT INTO municipality(id_department,name,lat,lng,id_municipality,cases,year_census,vaccine,recovered,population,deaths) VALUES ('BOL1941','Villamontes',-21.26020,-63.47485,'tj7',0,2019,0,0,51569.000,0);
INSERT INTO municipality(id_department,name,lat,lng,id_municipality,cases,year_census,vaccine,recovered,population,deaths) VALUES ('BOL1941','Yacuiba',-22.01282,-63.67748,'tj9',0,2019,0,0,106653.000,0);
INSERT INTO municipality(id_department,name,lat,lng,id_municipality,cases,year_census,vaccine,recovered,population,deaths) VALUES ('BOL1941','Yunchara',-21.82160,-65.22956,'tj0',0,2019,0,0,5851.000,0);

insert into hospital values (null,"BOL1293","Obrero","Miraflores","24568925",12.5,5.6,NOW(),1,"192.168.1.18",NOW());
insert into pharmacy values (null,"BOL1293","Obrero","Miraflores","24568925",12.5,5.6,NOW(),1,"192.168.1.18",NOW());
insert into pharmacy values (null,"BOL1293","Chavez","Miraflores","24568925",12.5,5.6,NOW(),1,"192.168.1.18",NOW());

insert into administrator values (null,"$2a$10$xNqp3FoBn13MABpyP.92v.ok1W400fbrJAHsuKUhLACOGkk2AIXfW","Silvana","Munoz","munoz@ucb.edu.bo",1,NOW(),1,"192.168.1.18", NOW());
insert into administrator values (null,"$2a$10$xNqp3FoBn13MABpyP.92v.ok1W400fbrJAHsuKUhLACOGkk2AIXfW","Josemar","Castro","joma@gmail.com",1,NOW(),1,"192.168.100.48", NOW());
insert into administrator values (null,"$2a$10$xNqp3FoBn13MABpyP.92v.ok1W400fbrJAHsuKUhLACOGkk2AIXfW","Ximena","Cruz","ximena.cruz@ucb.edu.bo",1,NOW(),1,"192.168.0.18", NOW());

insert into administrator values (null,"$2a$10$xNqp3FoBn13MABpyP.92v.ok1W400fbrJAHsuKUhLACOGkk2AIXfW","Josemar","Castro","joma@gmail.com",1,NOW(),1,"192.168.100.48", NOW());

select * from administrator

create table hibernate_sequences(
                                    sequence_name VARCHAR(255) NOT NULL,
                                    next_val INTEGER NOT NULL
);
select * from hospital;